date,nasdaqndxt,vix,vxazn,vxn,vix3m,aggregate_vol_index,amzn_close,amzn_next_return,label,score_range
2011-01-17,1476.9700,15.4600,36.1800,16.4900,18.3700,0.1535,8.8710,-0.0354,Negative,1
2011-01-24,1453.9900,17.6500,42.9800,18.8300,19.5800,0.1904,8.5570,0.0280,Positive,3
2011-01-31,1436.0400,19.5300,34.0600,21.7900,20.1500,0.1794,8.7965,0.0757,Positive,3
2011-02-07,1495.2000,16.2800,30.3700,18.2200,18.2600,0.1433,9.4625,-0.0145,Neutral,2
2011-02-14,1510.1000,15.9500,32.6900,17.4600,17.9400,0.1461,9.3250,-0.0497,Negative,1
2011-02-21,1526.5900,16.4300,31.3500,17.9000,18.9000,0.1483,8.8620,-0.0314,Negative,1
2011-02-28,1480.1100,18.3500,35.1300,20.5500,20.0000,0.1758,8.5835,-0.0210,Negative,1
2011-03-07,1456.0300,20.6600,36.3800,23.2200,21.8500,0.1998,8.4035,-0.0372,Negative,1
2011-03-14,1414.9800,21.1300,36.5900,23.1000,22.4900,0.2031,8.0910,0.0566,Positive,3
2011-03-21,1403.7700,20.6100,34.0700,23.8200,21.9500,0.1943,8.5490,0.0535,Positive,3
2011-03-28,1434.6800,19.4400,34.2400,22.2300,20.8600,0.1835,9.0065,0.0254,Positive,3
2011-04-04,1445.2500,17.5000,35.8800,20.0500,19.3900,0.1716,9.2355,-0.0254,Negative,1
2011-04-11,1440.4000,16.5900,37.5500,19.0900,20.0100,0.1735,9.0005,0.0327,Positive,3
2011-04-18,1422.8900,16.9600,36.9300,18.4700,19.9200,0.1704,9.2945,0.0534,Positive,3
2011-04-25,1483.2600,15.7700,38.2300,17.2200,18.5500,0.1632,9.7905,0.0091,Neutral,2
2011-05-02,1487.5800,15.9900,32.0100,18.1300,18.3900,0.1475,9.8800,0.0251,Positive,3
2011-05-09,1482.0800,17.1600,32.1400,18.3800,19.2000,0.1546,10.1280,-0.0193,Neutral,2
2011-05-16,1446.9900,18.2400,34.3100,19.5000,19.8700,0.1692,9.9325,-0.0228,Negative,1
2011-05-23,1429.6900,18.2700,32.4600,19.2100,19.7900,0.1625,9.7065,-0.0299,Negative,1
2011-05-30,1453.3800,15.9800,29.2000,16.8700,18.1300,0.1342,9.4160,-0.0095,Neutral,2
2011-06-06,1396.7800,18.4900,32.8800,19.5800,19.9600,0.1656,9.3265,-0.0009,Neutral,2
2011-06-13,1350.5400,19.6100,31.3300,20.2200,20.4400,0.1671,9.3185,0.0332,Positive,3
2011-06-20,1318.5900,19.9900,35.0100,22.0700,21.2200,0.1867,9.6275,0.0880,Positive,3
2011-06-27,1349.4900,20.5600,36.6500,21.9600,21.5000,0.1942,10.4745,0.0420,Positive,3
2011-07-04,1416.9900,15.8700,33.1700,17.3700,17.9300,0.1459,10.9140,-0.0248,Negative,1
2011-07-11,1400.5300,18.3900,38.5200,20.2200,19.9800,0.1840,10.6435,0.0171,Neutral,2
2011-07-18,1352.1000,20.9500,39.9900,22.4800,21.8400,0.2079,10.8260,0.0277,Positive,3
2011-07-25,1383.4800,19.3500,43.0100,20.9500,20.2600,0.2028,11.1260,-0.0891,Negative,1
2011-08-01,1324.5900,23.6600,35.3800,24.2600,22.3800,0.2083,10.1350,-0.0020,Neutral,2
2011-08-08,1144.1500,48.0000,59.2100,44.7400,38.1000,0.4583,10.1150,-0.1155,Negative,1
2011-08-15,1243.4000,31.8700,46.7000,30.4400,30.0800,0.3086,8.9465,0.1137,Positive,3
2011-08-22,1130.0500,42.4400,60.5300,42.0300,38.2600,0.4397,9.9635,0.0538,Positive,3
2011-08-29,1236.0300,32.2800,48.8400,32.1100,31.9800,0.3276,10.5000,0.0066,Neutral,2
2011-09-05,1188.5900,33.9200,48.8600,33.0000,33.7900,0.3406,10.5695,0.1320,Positive,3
2011-09-12,1221.0200,38.5900,52.8900,37.9700,37.0600,0.3917,11.9650,-0.0656,Negative,1
2011-09-19,1269.5700,32.7300,48.9100,31.4200,33.8100,0.3340,11.1805,-0.0330,Negative,1
2011-09-26,1226.7000,39.0200,57.6000,39.2400,38.0300,0.4140,10.8115,0.0394,Positive,3
2011-10-03,1136.1100,45.4500,66.0600,46.6100,43.3800,0.4958,11.2370,0.0978,Positive,3
2011-10-10,1274.0600,33.0200,53.8600,34.4800,34.7900,0.3618,12.3355,-0.0484,Negative,1
2011-10-17,1296.1400,33.3900,55.3900,32.9200,33.6000,0.3589,11.7390,-0.0744,Negative,1
2011-10-24,1348.2600,29.2600,50.3700,28.4500,30.4700,0.3093,10.8660,-0.0039,Neutral,2
2011-10-31,1355.8400,29.9600,42.7400,28.8200,30.3700,0.2894,10.8240,0.0042,Neutral,2
2011-11-07,1378.7200,29.8500,42.7200,28.8300,31.3800,0.2930,10.8695,-0.0932,Negative,1
2011-11-14,1364.3600,31.1300,41.9400,30.7300,32.7200,0.3042,9.8570,-0.0748,Negative,1
2011-11-21,1280.9400,32.9100,50.9200,32.9300,34.7800,0.3484,9.1200,0.0747,Positive,3
2011-11-28,1273.8400,32.1300,50.5400,31.5600,33.9400,0.3381,9.8015,-0.0153,Neutral,2
2011-12-05,1344.9800,27.8400,44.6000,27.8900,29.9000,0.2847,9.6515,-0.0610,Negative,1
2011-12-12,1311.9900,25.6700,42.0000,24.5600,30.1700,0.2621,9.0630,-0.0220,Negative,1
2011-12-19,1243.0400,24.9200,41.7000,24.1500,28.7400,0.2520,8.8640,-0.0236,Negative,1
2011-12-26,1309.2000,20.7300,39.4300,21.3700,25.2200,0.2141,8.6550,0.0549,Positive,3
2012-01-02,1300.5600,23.4000,45.1200,23.1300,26.8600,0.2490,9.1305,-0.0229,Negative,1
2012-01-09,1343.2300,21.0700,46.4000,21.2200,24.1200,0.2317,8.9210,0.0701,Positive,3
2012-01-16,1350.2000,20.9100,46.9100,21.3800,24.6700,0.2352,9.5465,0.0233,Positive,3
2012-01-23,1409.0300,18.6700,43.2700,19.4200,22.3200,0.2050,9.7685,-0.0394,Negative,1
2012-01-30,1421.3600,19.4000,50.7500,19.7500,21.9200,0.2288,9.3840,-0.0114,Neutral,2
2012-02-06,1473.2000,17.7600,33.3500,18.6500,20.3900,0.1648,9.2770,-0.0164,Neutral,2
2012-02-13,1482.3300,19.0400,34.1700,19.6000,22.1200,0.1797,9.1250,-0.0185,Neutral,2
2012-02-20,1500.2200,17.7800,35.7100,19.7600,22.3900,0.1825,8.9565,0.0009,Neutral,2
2012-02-27,1496.0800,18.1900,33.4500,19.4200,21.8700,0.1740,8.9650,0.0280,Positive,3
2012-03-05,1468.8900,18.0500,35.0100,19.5700,21.9900,0.1788,9.2160,0.0040,Neutral,2
2012-03-12,1488.9800,15.6400,27.8500,16.7100,20.8100,0.1388,9.2525,0.0540,Positive,3
2012-03-19,1536.5300,15.0400,28.2700,16.5500,19.9400,0.1354,9.7520,0.0383,Positive,3
2012-03-26,1554.4400,14.2600,34.7400,15.9200,17.4300,0.1418,10.1255,-0.0401,Negative,1
2012-04-02,1554.1400,15.6400,38.4700,16.7000,18.4600,0.1626,9.7195,-0.0305,Negative,1
2012-04-09,1494.5800,18.8100,41.5700,20.1800,21.2100,0.1995,9.4230,0.0081,Neutral,2
2012-04-16,1476.6400,19.5500,44.6000,22.5700,22.0400,0.2201,9.4990,0.1941,Positive,3
2012-04-23,1448.3200,18.9700,44.5200,21.3100,21.3900,0.2121,11.3425,-0.0126,Neutral,2
2012-04-30,1476.8200,17.1500,36.4200,18.7700,19.3200,0.1687,11.1995,0.0165,Neutral,2
2012-05-07,1413.3700,18.9400,35.7600,21.0600,20.4500,0.1815,11.3840,-0.0607,Negative,1
2012-05-14,1384.3600,21.8700,38.7800,23.4800,22.9700,0.2141,10.6925,-0.0045,Neutral,2
2012-05-21,1343.8700,22.0100,40.4200,24.3000,24.7100,0.2275,10.6445,-0.0219,Negative,1
2012-05-28,1324.3100,21.7600,38.8200,23.9900,24.9300,0.2217,10.4110,0.0493,Positive,3
2012-06-04,1272.1400,26.1200,42.9100,28.1700,28.1200,0.2685,10.9240,-0.0006,Neutral,2
2012-06-11,1306.2200,23.5600,35.7700,24.6000,25.5000,0.2212,10.9175,0.0174,Neutral,2
2012-06-18,1350.6000,18.3200,31.0500,19.6400,22.1300,0.1671,11.1080,0.0279,Positive,3
2012-06-25,1301.4300,20.3800,34.1300,21.2800,23.0300,0.1892,11.4175,-0.0145,Neutral,2
2012-07-02,1349.7500,16.8000,37.5400,18.5500,19.7900,0.1707,11.2525,-0.0296,Negative,1
2012-07-09,1310.5800,17.9800,39.9200,19.6000,20.3700,0.1856,10.9195,0.0453,Positive,3
2012-07-16,1275.8500,17.1100,43.0700,19.5400,19.6100,0.1892,11.4145,0.0396,Positive,3
2012-07-23,1290.6900,18.6200,47.0700,20.6100,21.1800,0.2141,11.8660,-0.0099,Neutral,2
2012-07-30,1346.7800,18.0300,33.8400,19.7400,20.1300,0.1677,11.7485,-0.0094,Neutral,2
2012-08-06,1382.2300,15.9500,31.2600,17.5700,18.7400,0.1436,11.6375,0.0362,Positive,3
2012-08-13,1411.5000,13.7000,26.1500,14.4800,18.0700,0.1114,12.0585,0.0189,Neutral,2
2012-08-20,1422.9800,14.0200,26.2700,14.6200,18.5900,0.1150,12.2870,0.0103,Neutral,2
2012-08-27,1398.8100,16.3500,30.8200,17.1900,19.9200,0.1467,12.4135,0.0438,Positive,3
2012-09-03,1388.2100,17.4700,31.0300,18.3500,20.6200,0.1561,12.9570,0.0082,Neutral,2
2012-09-10,1401.6500,16.2800,31.2000,17.8000,18.3000,0.1436,13.0635,-0.0145,Neutral,2
2012-09-17,1426.6700,14.5900,29.1800,15.7900,17.1300,0.1233,12.8735,-0.0122,Neutral,2
2012-09-24,1403.2600,14.1500,30.7400,15.3400,16.5900,0.1232,12.7160,0.0165,Neutral,2
2012-10-01,1389.7800,16.3200,35.5200,17.7500,17.9200,0.1548,12.9255,-0.0625,Negative,1
2012-10-08,1385.8700,15.1100,38.0500,17.5200,17.3600,0.1563,12.1180,-0.0097,Neutral,2
2012-10-15,1353.6300,15.2700,43.3700,17.5500,17.1100,0.1713,12.0000,-0.0073,Neutral,2
2012-10-22,1328.4200,16.6200,47.5600,19.2000,17.8700,0.1946,11.9120,-0.0244,Negative,1
2012-10-29,1319.0800,17.8100,33.5200,19.5800,19.0200,0.1613,11.6210,-0.0263,Negative,1
2012-11-05,1347.7300,18.4200,32.8500,19.5400,18.9700,0.1611,11.3155,-0.0048,Neutral,2
2012-11-12,1312.9700,16.6800,32.2800,18.6200,19.1500,0.1522,11.2615,0.0650,Positive,3
2012-11-19,1310.7400,15.2400,30.5200,15.9200,17.5900,0.1297,11.9940,0.0507,Positive,3
2012-11-26,1346.5000,15.5000,31.8700,16.8100,17.3100,0.1364,12.6025,0.0048,Neutral,2
2012-12-03,1349.7800,16.6400,30.9400,17.6900,17.8200,0.1412,12.6635,-0.0161,Neutral,2
2012-12-10,1386.3500,16.0500,31.9600,18.7400,17.3500,0.1443,12.4595,0.0310,Positive,3
2012-12-17,1399.6600,16.3400,31.0500,19.4700,17.5000,0.1452,12.8460,-0.0457,Negative,1
2012-12-24,1394.2100,17.8400,28.6900,20.1500,18.8700,0.1491,12.2590,0.0570,Positive,3
2012-12-31,1394.7500,18.0200,40.4500,20.5600,18.7300,0.1851,12.9575,0.0339,Positive,3
2013-01-07,1437.2700,13.7900,39.3300,16.5500,16.4500,0.1511,13.3970,0.0156,Neutral,2
2013-01-14,1459.3400,13.5200,41.1800,16.1300,16.2900,0.1543,13.6060,0.0436,Positive,3
2013-01-21,1477.7000,12.4600,37.7700,14.1700,15.2900,0.1323,14.1995,-0.0669,Negative,1
2013-01-28,1505.4300,13.5700,44.6400,14.3900,15.0700,0.1558,13.2500,-0.0115,Neutral,2
2013-02-04,1484.9600,14.6700,30.9300,15.7300,15.7900,0.1244,13.0975,0.0120,Neutral,2
2013-02-11,1498.4800,12.9400,30.7800,14.1100,14.6800,0.1108,13.2545,0.0012,Neutral,2
2013-02-18,1506.3100,12.4600,28.7200,13.4700,14.2600,0.1001,13.2710,0.0012,Neutral,2
2013-02-25,1457.7400,18.9900,34.2500,19.3500,17.9400,0.1638,13.2870,0.0318,Positive,3
2013-03-04,1493.4900,14.0100,30.2500,15.3900,15.4200,0.1184,13.7095,-0.0451,Negative,1
2013-03-11,1525.9400,11.5600,21.4000,12.4100,14.3000,0.0733,13.0910,-0.0155,Neutral,2
2013-03-18,1503.1000,13.3600,25.7600,13.6900,15.3900,0.0985,12.8875,0.0339,Positive,3
2013-03-25,1499.3200,13.7400,29.7400,14.3500,15.3000,0.1128,13.3245,-0.0413,Negative,1
2013-04-01,1506.7400,13.5800,32.5900,14.4800,15.2800,0.1212,12.7740,0.0681,Positive,3
2013-04-08,1486.3100,13.1900,35.4100,14.8900,14.7100,0.1274,13.6435,-0.0460,Negative,1
2013-04-15,1488.5900,17.2700,40.8000,17.1600,17.0300,0.1693,13.0160,-0.0212,Negative,1
2013-04-22,1468.7400,14.3900,43.2200,16.1300,15.6600,0.1606,12.7405,0.0127,Neutral,2
2013-04-29,1518.5700,13.7100,30.9800,15.3200,14.9200,0.1181,12.9025,0.0216,Positive,3
2013-05-06,1553.7800,12.6600,28.8600,14.6000,14.3100,0.1051,13.1815,0.0238,Positive,3
2013-05-13,1559.1300,12.5500,26.4800,14.5900,15.0500,0.1004,13.4950,-0.0302,Negative,1
2013-05-20,1587.7000,13.0200,27.2700,13.5300,15.3100,0.1023,13.0870,0.0285,Positive,3
2013-05-27,1560.8400,13.9900,26.6400,14.4800,15.9200,0.1076,13.4600,0.0285,Positive,3
2013-06-03,1576.3600,16.2800,28.9600,16.7900,17.2200,0.1322,13.8435,-0.0104,Neutral,2
2013-06-10,1581.8600,15.4400,29.4700,15.8600,16.7300,0.1271,13.6995,-0.0023,Neutral,2
2013-06-17,1576.4500,16.8000,28.2500,16.9500,17.9900,0.1348,13.6680,0.0158,Neutral,2
2013-06-24,1512.2100,20.1100,32.0900,19.8300,20.7300,0.1725,13.8845,0.0295,Positive,3
2013-07-01,1558.2900,16.3700,33.5400,16.1600,17.9200,0.1465,14.2940,0.0758,Positive,3
2013-07-08,1565.5600,14.7800,35.5300,14.7700,16.4100,0.1388,15.3775,-0.0075,Neutral,2
2013-07-15,1635.5700,13.7900,39.0600,14.0300,15.6200,0.1424,15.2615,0.0222,Positive,3
2013-07-22,1639.5100,12.2900,37.0800,13.3900,14.6900,0.1273,15.6005,-0.0250,Negative,1
2013-07-29,1633.6200,13.3900,26.5000,13.6500,15.1100,0.1012,15.2105,-0.0228,Negative,1
2013-08-05,1688.5700,11.8400,25.3300,12.8300,13.8600,0.0873,14.8630,-0.0418,Negative,1
2013-08-12,1689.2500,12.8100,24.0100,12.8600,15.1700,0.0908,14.2410,0.0182,Neutral,2
2013-08-19,1643.2300,15.1000,25.6300,15.5300,16.4000,0.1134,14.5005,-0.0311,Negative,1
2013-08-26,1667.0700,14.9900,26.3200,15.3200,16.2100,0.1141,14.0490,0.0530,Positive,3
2013-09-02,1643.5400,17.0100,27.4500,17.5300,18.0500,0.1356,14.7930,0.0070,Neutral,2
2013-09-09,1704.7400,15.6300,26.7500,16.1600,16.8300,0.1222,14.8960,0.0618,Positive,3
2013-09-16,1728.2500,14.3800,23.5700,15.1600,15.5800,0.1023,15.8170,-0.0010,Neutral,2
2013-09-23,1745.2000,14.3100,28.6000,14.6400,15.9200,0.1169,15.8005,0.0096,Neutral,2
2013-09-30,1750.2800,16.6000,32.6300,16.7300,16.8000,0.1443,15.9520,-0.0255,Negative,1
2013-10-07,1758.3700,19.4100,37.0200,19.8400,19.0700,0.1821,15.5445,0.0580,Positive,3
2013-10-14,1773.8700,16.0700,39.3600,17.4700,16.9200,0.1656,16.4465,0.1048,Positive,3
2013-10-21,1805.3300,13.1600,39.0100,14.4000,15.1400,0.1418,18.1695,-0.0121,Neutral,2
2013-10-28,1773.1600,13.3100,30.0000,14.9700,14.8700,0.1158,17.9500,-0.0242,Negative,1
2013-11-04,1779.5700,12.9300,28.4600,14.3700,14.6800,0.1079,17.5155,0.0538,Positive,3
2013-11-11,1782.0000,12.5300,28.3800,14.3700,14.7300,0.1068,18.4585,0.0085,Neutral,2
2013-11-18,1801.2600,13.1000,28.0500,14.3700,14.9300,0.1083,18.6155,0.0572,Positive,3
2013-11-25,1798.1600,12.7900,28.7500,13.7400,14.4300,0.1059,19.6810,-0.0169,Neutral,2
2013-12-02,1810.8000,14.2300,30.5800,14.8100,15.1900,0.1212,19.3475,-0.0070,Neutral,2
2013-12-09,1839.4200,13.4900,27.8200,14.8000,14.9300,0.1104,19.2120,0.0467,Positive,3
2013-12-16,1833.3300,16.0300,30.2500,16.5400,16.3900,0.1347,20.1100,-0.0102,Neutral,2
2013-12-23,1890.3400,13.0400,32.1700,14.1100,14.5200,0.1192,19.9040,-0.0041,Neutral,2
2013-12-30,1899.7000,13.5600,35.0100,15.1600,14.7700,0.1330,19.8220,0.0031,Neutral,2
2014-01-06,1876.4600,13.5500,35.9500,15.8200,14.8200,0.1376,19.8830,0.0049,Neutral,2
2014-01-13,1879.8800,13.2800,38.7100,15.0500,14.9800,0.1434,19.9805,-0.0301,Negative,1
2014-01-20,1933.0600,12.4400,37.4600,14.2000,14.6300,0.1344,19.3800,-0.0746,Negative,1
2014-01-27,1886.0000,17.4200,40.2000,18.8700,17.1300,0.1779,17.9345,0.0067,Neutral,2
2014-02-03,1849.9700,21.4400,35.8800,21.4400,20.1400,0.1938,18.0540,-0.0103,Neutral,2
2014-02-10,1933.0900,15.2600,29.6100,16.5300,16.3200,0.1315,17.8675,-0.0296,Negative,1
2014-02-17,1999.8600,13.5700,28.4100,14.8000,15.1700,0.1151,17.3380,0.0442,Positive,3
2014-02-24,2025.2300,14.2300,25.9700,15.2400,15.5000,0.1124,18.1050,0.0275,Positive,3
2014-03-03,2008.9000,16.0000,29.2800,16.8500,16.9200,0.1365,18.6030,0.0045,Neutral,2
2014-03-10,2029.7700,14.2000,26.2300,15.5200,15.9700,0.1156,18.6870,-0.0351,Negative,1
2014-03-17,2007.6400,15.6400,24.9300,17.4700,16.6900,0.1236,18.0310,-0.0619,Negative,1
2014-03-24,2008.8900,15.0900,31.8700,18.1200,16.1000,0.1424,16.9145,-0.0452,Negative,1
2014-03-31,2015.9500,13.8800,37.0200,18.1200,15.0800,0.1508,16.1500,-0.0349,Negative,1
2014-04-07,1956.6600,15.5700,45.3000,20.0500,15.9000,0.1877,15.5865,0.0423,Positive,3
2014-04-14,1939.7400,16.1100,49.4000,21.7700,16.3700,0.2078,16.2455,-0.0649,Negative,1
2014-04-21,1994.7200,13.2500,42.9700,18.5300,14.7500,0.1665,15.1915,0.0138,Neutral,2
2014-04-28,1940.9800,13.9700,37.0000,18.7400,14.9300,0.1514,15.4005,-0.0512,Negative,1
2014-05-05,1976.6800,13.2900,30.0100,16.7800,14.7500,0.1230,14.6120,0.0187,Neutral,2
2014-05-12,1992.0900,12.2300,29.7200,15.4900,13.8800,0.1126,14.8850,0.0488,Positive,3
2014-05-19,1999.2300,12.4200,28.8200,15.1000,14.1100,0.1102,15.6120,0.0010,Neutral,2
2014-05-26,2033.2800,11.3600,25.9800,13.4500,13.6200,0.0928,15.6275,0.0548,Positive,3
2014-06-02,2063.9100,11.5800,27.0600,14.3300,13.8800,0.1004,16.4835,-0.0103,Neutral,2
2014-06-09,2106.3600,11.1500,30.3400,13.7900,13.0200,0.1048,16.3135,-0.0063,Neutral,2
2014-06-16,2123.3500,12.6500,29.0500,13.7000,13.9700,0.1085,16.2100,0.0011,Neutral,2
2014-06-23,2137.5000,10.9800,29.4600,12.3000,12.9200,0.0975,16.2285,0.0398,Positive,3
2014-06-30,2153.0700,11.5700,33.0600,12.2100,13.0100,0.1100,16.8745,0.0258,Positive,3
2014-07-07,2180.1600,11.3300,34.7200,12.4400,12.8700,0.1147,17.3100,0.0360,Positive,3
2014-07-14,2174.7900,11.8200,38.2100,13.5900,12.9300,0.1299,17.9330,-0.0966,Negative,1
2014-07-21,2176.0200,12.8100,37.7500,14.1700,13.8000,0.1360,16.2005,-0.0523,Negative,1
2014-07-28,2175.8400,12.5600,28.0600,13.8400,13.9200,0.1061,15.3530,0.0317,Positive,3
2014-08-04,2143.7200,15.1200,29.3100,16.0800,15.8100,0.1296,15.8400,0.0531,Positive,3
2014-08-11,2143.8300,14.2300,25.7900,15.2700,15.7600,0.1143,16.6815,-0.0061,Neutral,2
2014-08-18,2189.7600,12.3200,24.1800,12.8500,13.9100,0.0912,16.5795,0.0225,Positive,3
2014-08-25,2210.4900,11.7000,23.5100,12.4500,13.5700,0.0855,16.9520,0.0216,Positive,3
2014-09-01,2226.9800,11.9800,22.5200,12.7100,14.2600,0.0867,17.3190,-0.0439,Negative,1
2014-09-08,2263.4500,12.6600,25.8700,13.6600,14.3900,0.1021,16.5595,0.0004,Neutral,2
2014-09-15,2216.1500,14.1200,29.6500,16.1900,15.5800,0.1282,16.5660,-0.0245,Negative,1
2014-09-22,2223.1500,13.6900,30.3300,15.5100,15.2600,0.1261,16.1605,-0.0015,Neutral,2
2014-09-29,2221.8800,15.9800,32.4700,18.0300,16.8200,0.1514,16.1370,-0.0352,Negative,1
2014-10-06,2174.0700,15.4600,34.2500,17.9800,16.5500,0.1536,15.5695,-0.0249,Negative,1
2014-10-13,2001.3200,24.6400,47.6300,25.7200,22.1200,0.2584,15.1820,-0.0546,Negative,1
2014-10-20,2069.3200,18.5700,44.6500,20.3200,19.6700,0.2096,14.3530,0.0641,Positive,3
2014-10-27,2173.5800,16.0400,28.6400,17.9400,17.8600,0.1432,15.2730,-0.0183,Neutral,2
2014-11-03,2272.7900,14.7300,26.6400,16.4200,16.8100,0.1267,14.9930,0.0932,Positive,3
2014-11-10,2293.7900,12.6700,27.0100,14.3000,15.0400,0.1100,16.3910,0.0147,Neutral,2
2014-11-17,2310.6200,13.9900,30.6300,15.5300,15.9300,0.1312,16.6315,0.0181,Neutral,2
2014-11-24,2361.4100,12.6200,28.5700,14.2500,15.5500,0.1170,16.9320,-0.0768,Negative,1
2014-12-01,2368.6300,14.2900,30.9600,16.5700,16.6600,0.1393,15.6315,-0.0170,Neutral,2
2014-12-08,2384.7200,14.2100,34.0100,16.0300,16.7800,0.1472,15.3660,-0.0241,Negative,1
2014-12-15,2313.2100,20.4200,38.7100,22.0800,21.0600,0.2099,14.9950,0.0306,Positive,3
2014-12-22,2412.1400,15.2500,35.0100,16.5600,17.5900,0.1577,15.4545,-0.0018,Neutral,2
2014-12-29,2405.1700,15.0600,37.7900,16.8000,17.2700,0.1649,15.4260,-0.0376,Negative,1
2015-01-05,2327.1100,19.9200,42.7000,20.7200,20.7900,0.2157,14.8465,-0.0208,Negative,1
2015-01-12,2314.4000,19.6000,46.8200,19.8700,20.4800,0.2233,14.5370,0.0745,Positive,3
2015-01-19,2292.4300,20.9500,45.5600,21.2200,21.1500,0.2293,15.6195,0.1349,Positive,3
2015-01-26,2333.0500,15.5200,44.9800,16.9700,18.0300,0.1898,17.7265,0.0557,Positive,3
2015-02-02,2243.1500,19.4300,31.5900,20.7900,20.9100,0.1811,18.7140,0.0202,Positive,3
2015-02-09,2281.1800,18.5500,28.2900,19.1200,20.6700,0.1637,19.0915,0.0048,Neutral,2
2015-02-16,2394.3600,14.6900,26.0200,15.1500,18.1300,0.1273,19.1830,-0.0091,Neutral,2
2015-02-23,2403.9500,14.5600,25.5700,14.8700,17.5400,0.1228,19.0080,-0.0002,Neutral,2
2015-03-02,2450.2700,13.0400,25.7900,14.2700,16.4600,0.1142,19.0045,-0.0250,Negative,1
2015-03-09,2389.5600,15.0600,26.7300,16.4400,17.3100,0.1311,18.5290,0.0213,Positive,3
2015-03-16,2384.3500,15.6100,26.8400,16.9100,17.4000,0.1345,18.9245,-0.0210,Negative,1
2015-03-23,2418.3400,13.4100,27.3900,14.4400,16.5300,0.1203,18.5280,0.0046,Neutral,2
2015-03-30,2378.8900,14.5100,32.0800,16.0600,16.9200,0.1428,18.6125,0.0279,Positive,3
2015-04-06,2355.0600,14.7400,36.3400,16.5800,16.8200,0.1569,19.1325,-0.0185,Neutral,2
2015-04-13,2388.1200,13.9400,40.7600,15.4500,16.3200,0.1632,18.7780,0.1852,Positive,3
2015-04-20,2394.4600,13.3000,42.8800,14.8600,15.5800,0.1634,22.2550,-0.0499,Negative,1
2015-04-27,2408.5500,13.1200,24.9100,15.1800,15.9300,0.1121,21.1435,0.0256,Positive,3
2015-05-04,2410.8500,12.8500,24.5000,15.1500,15.4300,0.1083,21.6845,-0.0177,Neutral,2
2015-05-11,2387.7000,13.8500,24.3100,15.5600,16.1000,0.1137,21.3000,0.0038,Neutral,2
2015-05-18,2425.3600,12.7300,23.2900,13.9500,15.2300,0.1004,21.3815,0.0037,Neutral,2
2015-05-25,2427.4500,12.1300,22.4000,13.2300,14.4800,0.0914,21.4615,-0.0053,Neutral,2
2015-06-01,2460.1200,13.9700,23.3700,14.9800,15.4100,0.1080,21.3475,0.0070,Neutral,2
2015-06-08,2391.1100,15.2900,24.2900,16.9400,16.6000,0.1234,21.4960,0.0116,Neutral,2
2015-06-15,2385.1300,15.3900,22.4200,16.3400,16.6200,0.1164,21.7460,0.0073,Neutral,2
2015-06-22,2431.1000,12.7400,23.2500,13.8300,14.9900,0.0991,21.9050,-0.0009,Neutral,2
2015-06-29,2299.4700,18.8500,32.3000,19.8100,18.7200,0.1716,21.8855,0.0133,Neutral,2
2015-07-06,2286.3200,17.0100,34.3000,17.9100,18.0400,0.1645,22.1755,0.0891,Positive,3
2015-07-13,2294.0400,13.9000,39.7900,15.0200,15.9400,0.1565,24.1505,0.0961,Positive,3
2015-07-20,2314.0500,12.2500,45.6400,14.0300,14.8500,0.1628,26.4710,0.0127,Neutral,2
2015-07-27,2257.4700,15.6000,29.2200,17.4900,16.7800,0.1395,26.8075,-0.0252,Negative,1
2015-08-03,2297.1000,12.5600,26.0300,15.1800,14.8400,0.1086,26.1310,0.0170,Neutral,2
2015-08-10,2334.9300,12.2300,26.4800,15.8700,14.9900,0.1120,26.5760,-0.0697,Negative,1
2015-08-17,2305.4900,13.0200,26.4500,15.5500,15.2100,0.1136,24.7235,0.0476,Positive,3
2015-08-24,2050.4200,40.7400,52.1700,42.9500,31.1400,0.3981,25.9005,-0.0367,Negative,1
2015-08-31,2168.1500,28.4300,37.2800,29.9200,26.5300,0.2679,24.9500,0.0610,Positive,3
2015-09-07,2118.1000,27.8000,41.8100,28.9200,28.0700,0.2817,26.4720,0.0204,Positive,3
2015-09-14,2178.4700,24.2500,36.4400,25.4400,23.7000,0.2312,27.0130,-0.0296,Negative,1
2015-09-21,2173.3600,20.1400,34.2600,22.5000,21.5900,0.1974,26.2125,0.0158,Neutral,2
2015-09-28,2067.8900,27.6300,48.2300,28.9900,26.3800,0.2938,26.6270,0.0136,Neutral,2
2015-10-05,2206.2100,19.5400,44.0300,22.8200,21.3300,0.2251,26.9900,0.0574,Positive,3
2015-10-12,2256.4900,16.1700,49.6400,19.0100,19.2600,0.2148,28.5380,0.0495,Positive,3
2015-10-19,2287.6600,14.9800,44.4600,16.8600,17.8600,0.1854,29.9515,0.0449,Positive,3
2015-10-26,2353.6100,15.2900,25.0300,17.7500,17.9900,0.1325,31.2950,0.0535,Positive,3
2015-11-02,2366.4500,14.1500,25.7500,16.5600,17.4200,0.1262,32.9685,-0.0258,Negative,1
2015-11-09,2362.5000,16.5200,30.5900,18.0300,18.8500,0.1563,32.1175,0.0406,Positive,3
2015-11-16,2301.1100,18.1600,33.4900,18.7900,19.9800,0.1748,33.4225,0.0072,Neutral,2
2015-11-23,2332.7600,15.6200,30.1600,17.3100,18.6300,0.1493,33.6630,-0.0009,Neutral,2
2015-11-30,2373.3400,16.1300,32.2900,18.1000,18.4900,0.1593,33.6320,-0.0483,Negative,1
2015-12-07,2380.5100,15.8400,30.2600,17.6000,18.6500,0.1517,32.0075,0.0375,Positive,3
2015-12-14,2297.3900,22.7300,33.9600,23.1100,23.3000,0.2129,33.2070,-0.0020,Neutral,2
2015-12-21,2305.2900,18.7000,33.6300,20.2200,21.1100,0.1849,33.1395,0.0198,Neutral,2
2015-12-28,2335.3800,16.9100,34.8000,18.8700,19.6800,0.1749,33.7945,-0.1019,Negative,1
2016-01-04,2277.9600,20.7000,45.1200,22.4200,22.0100,0.2336,30.3525,-0.0607,Negative,1
2016-01-11,2119.0800,24.3000,50.1700,26.4100,24.7300,0.2777,28.5090,0.0460,Positive,3
2016-01-18,2039.4100,27.0200,52.6200,29.1300,26.8800,0.3070,29.8190,-0.0157,Neutral,2
2016-01-25,2044.6400,24.1500,50.2800,27.5400,25.2500,0.2819,29.3500,-0.1446,Negative,1
2016-02-01,2145.4400,19.9800,34.6300,23.0600,22.0100,0.2009,25.1065,0.0099,Neutral,2
2016-02-08,1979.7200,26.0000,48.3000,31.4600,25.9800,0.2942,25.3540,0.0549,Positive,3
2016-02-15,2012.8800,25.4000,39.6900,29.7400,26.2300,0.2634,26.7450,0.0380,Positive,3
2016-02-22,2153.5800,19.3800,34.2700,23.8100,21.6200,0.1990,27.7615,0.0359,Positive,3
2016-02-29,2153.0200,20.5500,34.6300,23.5500,22.3900,0.2053,28.7570,-0.0096,Neutral,2
2016-03-07,2248.2000,17.3500,34.3100,21.6100,19.9000,0.1822,28.4805,-0.0308,Negative,1
2016-03-14,2269.1000,16.9200,29.7500,19.5700,19.4200,0.1602,27.6040,0.0559,Positive,3
2016-03-21,2330.3300,13.7900,32.4200,17.1700,17.5900,0.1469,29.1475,0.0267,Positive,3
2016-03-28,2294.6000,15.2400,35.6000,18.3900,18.3000,0.1659,29.9250,-0.0065,Neutral,2
2016-04-04,2338.4500,14.1200,38.2500,16.8500,17.2300,0.1629,29.7300,0.0526,Positive,3
2016-04-11,2305.3200,16.2600,47.8300,18.5900,18.8900,0.2077,31.2945,-0.0086,Neutral,2
2016-04-18,2319.2700,13.3500,41.6900,16.0400,16.5100,0.1659,31.0250,0.0630,Positive,3
2016-04-25,2293.7300,14.0800,41.4300,17.2100,17.2200,0.1727,32.9795,0.0218,Positive,3
2016-05-02,2235.4300,14.6800,26.4400,18.2800,17.7800,0.1344,33.6975,0.0534,Positive,3
2016-05-09,2196.9400,14.5700,26.5600,17.3800,18.0500,0.1324,35.4960,-0.0100,Neutral,2
2016-05-16,2236.9600,14.6800,26.6100,16.3700,17.7000,0.1291,35.1400,0.0134,Neutral,2
2016-05-23,2288.6100,15.8200,25.4200,16.8500,18.1500,0.1323,35.6120,0.0187,Neutral,2
2016-05-30,2382.7100,13.1200,23.0400,14.5500,16.3100,0.1058,36.2770,-0.0105,Neutral,2
2016-06-06,2383.7500,13.6500,24.2700,15.2500,16.4400,0.1134,35.8955,-0.0160,Neutral,2
2016-06-13,2343.4000,20.9700,26.0900,20.6100,21.8700,0.1731,35.3195,-0.0105,Neutral,2
2016-06-20,2361.1700,18.3700,27.3000,19.3100,19.8100,0.1587,34.9480,0.0382,Positive,3
2016-06-27,2217.9700,23.8500,36.7000,24.3900,23.6800,0.2282,36.2840,0.0277,Positive,3
2016-07-04,2350.3200,14.7700,34.1000,16.8300,17.6500,0.1540,37.2905,-0.0139,Neutral,2
2016-07-11,2420.0600,13.5400,39.9400,15.1100,16.4900,0.1597,36.7720,0.0128,Neutral,2
2016-07-18,2490.5100,12.4400,37.7900,14.7100,15.7700,0.1474,37.2430,0.0187,Neutral,2
2016-07-25,2519.4600,12.8700,36.8800,15.6000,16.2700,0.1506,37.9405,0.0094,Neutral,2
2016-08-01,2549.3300,12.4400,20.3600,14.5200,15.7000,0.0957,38.2990,0.0086,Neutral,2
2016-08-08,2576.2700,11.5000,19.1400,14.0600,15.1600,0.0865,38.6280,-0.0197,Neutral,2
2016-08-15,2633.1000,11.8100,18.6300,14.0100,15.3800,0.0872,37.8655,0.0154,Neutral,2
2016-08-22,2660.8000,12.2700,18.4800,14.0000,15.5000,0.0887,38.4500,0.0045,Neutral,2
2016-08-29,2694.0500,12.9400,20.0000,15.0000,15.9300,0.0998,38.6220,-0.0159,Neutral,2
2016-09-05,2700.5200,11.9800,18.7400,14.3200,15.6500,0.0906,38.0070,0.0242,Positive,3
2016-09-12,2678.8500,15.1600,11.6100,15.3100,17.2700,0.0866,38.9260,0.0350,Positive,3
2016-09-19,2704.7900,15.5300,19.0800,16.1100,17.7800,0.1141,40.2875,0.0392,Positive,3
2016-09-26,2709.6400,14.5000,24.8700,16.4400,17.2800,0.1277,41.8655,0.0025,Neutral,2
2016-10-03,2770.5200,13.5700,28.3200,15.8600,16.4000,0.1313,41.9715,-0.0196,Neutral,2
2016-10-10,2788.3800,13.3800,30.8500,15.5000,15.9500,0.1358,41.1480,-0.0048,Neutral,2
2016-10-17,2708.6600,16.2100,35.9500,17.5800,17.4700,0.1691,40.9495,-0.0521,Negative,1
2016-10-24,2778.5900,13.0200,33.6600,14.9300,15.6100,0.1402,38.8160,-0.0274,Negative,1
2016-10-31,2775.9100,17.0600,22.4200,19.3200,17.8500,0.1385,37.7525,-0.0212,Negative,1
2016-11-07,2759.0100,18.7100,24.9300,19.6600,18.1500,0.1523,36.9505,0.0286,Positive,3
2016-11-14,2738.9900,14.4800,31.8200,19.7000,16.7000,0.1558,38.0080,0.0266,Positive,3
2016-11-21,2849.2900,12.4200,22.4000,14.7400,15.3200,0.1044,39.0185,-0.0513,Negative,1
2016-11-28,2859.7100,13.1500,25.9400,15.1200,16.0200,0.1206,37.0170,0.0383,Positive,3
2016-12-05,2792.4100,12.1400,24.9100,15.8700,15.7700,0.1153,38.4330,-0.0142,Neutral,2
2016-12-12,2854.1000,12.6400,18.2200,13.8700,15.7300,0.0917,37.8885,0.0037,Neutral,2
2016-12-19,2895.7800,11.7100,21.4400,13.1100,15.3100,0.0955,38.0295,-0.0141,Neutral,2
2016-12-26,2922.0500,11.4400,23.7800,13.2400,15.2500,0.1021,37.4935,0.0615,Positive,3
2017-01-02,2868.7000,14.0400,29.8000,16.6800,16.5400,0.1409,39.7995,0.0266,Positive,3
2017-01-09,2948.2500,11.5600,30.4800,14.2200,14.6300,0.1232,40.8570,-0.0108,Neutral,2
2017-01-16,2979.1900,11.2300,30.2400,13.3400,14.5400,0.1191,40.4165,0.0339,Positive,3
2017-01-23,2997.7900,11.7700,30.2200,13.4900,14.5400,0.1212,41.7885,-0.0306,Negative,1
2017-01-30,3082.7100,11.8800,30.2800,13.7100,14.4100,0.1228,40.5100,0.0213,Positive,3
2017-02-06,3114.2000,11.3700,18.9600,13.0100,14.2400,0.0856,41.3730,0.0213,Positive,3
2017-02-13,3143.2300,11.0700,17.6200,12.3100,13.6800,0.0772,42.2535,0.0002,Neutral,2
2017-02-20,3186.2800,11.4900,17.9100,12.3100,13.7200,0.0798,42.2620,0.0055,Neutral,2
2017-02-27,3203.5100,12.0900,18.4300,13.1900,14.9100,0.0900,42.4940,0.0030,Neutral,2
2017-03-06,3206.7200,11.2400,17.2800,12.1900,14.3400,0.0794,42.6230,-0.0002,Neutral,2
2017-03-13,3258.0600,11.3500,5.1300,11.1900,14.3600,0.0415,42.6155,-0.0079,Neutral,2
2017-03-20,3279.1400,11.3400,13.1900,10.3100,13.9000,0.0614,42.2805,0.0484,Positive,3
2017-03-27,3261.9300,12.5000,19.1500,12.7800,14.2300,0.0903,44.3270,0.0094,Neutral,2
2017-04-03,3262.8700,12.3800,23.8700,12.3700,13.6700,0.1008,44.7440,-0.0114,Neutral,2
2017-04-10,3256.2000,14.0500,27.8700,14.2200,14.5800,0.1257,44.2335,0.0157,Neutral,2
2017-04-17,3229.6800,14.6600,28.8100,15.2400,14.8600,0.1337,44.9265,0.0294,Positive,3
2017-04-24,3326.4100,10.8400,26.1600,12.0600,12.9000,0.1004,46.2495,0.0099,Neutral,2
2017-05-01,3364.7100,10.1100,18.8600,12.2000,12.6300,0.0767,46.7075,0.0291,Positive,3
2017-05-08,3378.1600,9.7700,19.7100,11.8600,12.5900,0.0773,48.0675,-0.0016,Neutral,2
2017-05-15,3460.1300,10.4200,18.2600,12.0300,12.7800,0.0769,47.9920,0.0374,Positive,3
2017-05-22,3481.8600,10.9300,19.0300,12.8800,12.9600,0.0840,49.7890,0.0110,Neutral,2
2017-05-29,3521.0400,9.8100,19.3500,12.2600,12.4400,0.0787,50.3365,-0.0282,Negative,1
2017-06-05,3572.8700,10.0700,19.3800,13.2000,12.8500,0.0842,48.9155,0.0096,Neutral,2
2017-06-12,3494.9200,11.4600,22.4600,16.9800,13.3000,0.1087,49.3855,0.0162,Neutral,2
2017-06-19,3518.1100,10.3700,20.4400,14.6000,12.4000,0.0899,50.1870,-0.0356,Negative,1
2017-06-26,3520.0600,9.9000,23.9400,15.4400,12.2700,0.1010,48.4000,0.0111,Neutral,2
2017-07-03,3360.4900,11.2200,28.0400,18.7400,13.3100,0.1281,48.9380,0.0236,Positive,3
2017-07-10,3464.6800,11.1100,27.4000,16.7000,13.3500,0.1214,50.0905,0.0238,Positive,3
2017-07-17,3563.4600,9.8200,27.6200,14.5000,12.2800,0.1095,51.2835,-0.0055,Neutral,2
2017-07-24,3586.6600,9.4300,28.0100,14.5900,12.0400,0.1093,51.0020,-0.0318,Negative,1
2017-07-31,3500.9700,10.2600,23.8500,15.8700,12.4700,0.1034,49.3790,-0.0198,Neutral,2
2017-08-07,3520.1000,9.9300,22.0400,14.2100,12.6600,0.0933,48.3995,-0.0098,Neutral,2
2017-08-14,3509.8600,12.3300,21.3900,15.0600,13.9200,0.1048,47.9235,-0.0138,Neutral,2
2017-08-21,3447.3000,13.1900,22.8300,17.3700,14.9900,0.1211,47.2630,0.0349,Positive,3
2017-08-28,3499.5800,11.3200,21.9600,15.1800,13.9900,0.1042,48.9125,-0.0126,Neutral,2
2017-09-04,3597.7200,10.1300,20.5700,14.1000,13.5900,0.0934,48.2950,0.0216,Positive,3
2017-09-11,3612.8700,10.7300,16.7200,14.0700,13.8600,0.0847,49.3395,-0.0321,Negative,1
2017-09-18,3693.5000,10.1500,21.1500,13.6100,12.6900,0.0917,47.7550,0.0065,Neutral,2
2017-09-25,3605.6700,10.2100,25.6100,15.6500,13.0600,0.1112,48.0675,0.0294,Positive,3
2017-10-02,3726.9100,9.4500,25.5400,13.8800,12.3600,0.1028,49.4790,0.0135,Neutral,2
2017-10-09,3780.6200,10.3300,28.2100,14.0400,12.7300,0.1155,50.1470,-0.0200,Neutral,2
2017-10-16,3844.3100,9.9100,29.8600,14.4900,11.9400,0.1184,49.1455,0.1201,Positive,3
2017-10-23,3898.3700,11.0700,28.8100,15.7400,12.5500,0.1249,55.0475,0.0097,Neutral,2
2017-10-30,3936.8000,10.5000,23.1700,15.0500,12.5700,0.1052,55.5800,0.0124,Neutral,2
2017-11-06,4009.5400,9.4000,23.1100,13.9000,12.5700,0.0995,56.2675,0.0040,Neutral,2
2017-11-13,3982.5200,11.5000,22.1900,14.8400,13.7500,0.1092,56.4940,0.0497,Positive,3
2017-11-20,4044.0500,10.6500,20.7900,13.8200,13.2800,0.0988,59.3000,-0.0199,Neutral,2
2017-11-27,4055.6500,9.8700,22.5200,13.0400,12.5700,0.0972,58.1175,-0.0003,Neutral,2
2017-12-04,3847.9900,11.6800,29.8400,18.0300,13.5500,0.1392,58.1000,0.0148,Neutral,2
2017-12-11,3929.9300,9.3400,15.7700,12.5900,12.2800,0.0719,58.9570,-0.0091,Neutral,2
2017-12-18,4011.9500,9.5300,20.5100,12.5300,12.0700,0.0865,58.4180,0.0010,Neutral,2
2017-12-25,3969.3800,9.9000,20.0800,12.5400,12.4900,0.0873,58.4735,0.0510,Positive,3
2018-01-01,3920.9600,11.0400,24.6100,15.6800,13.0900,0.1144,61.4570,0.0619,Positive,3
2018-01-08,4129.0200,9.5200,27.8300,13.8400,12.1500,0.1136,65.2600,-0.0081,Neutral,2
2018-01-15,4136.4000,10.1600,30.0800,14.5700,12.2000,0.1243,64.7290,0.0830,Positive,3
2018-01-22,4256.1500,11.0300,34.0200,16.2900,12.9900,0.1475,70.1025,0.0199,Neutral,2
2018-01-29,4257.2400,13.8400,45.0800,19.2200,14.9900,0.2035,71.4975,-0.0632,Negative,1
2018-02-05,3932.6800,37.3200,41.6500,33.0200,28.1300,0.3403,66.9800,0.0814,Positive,3
2018-02-12,3963.3500,25.6100,37.2200,24.9400,22.8600,0.2535,72.4345,0.0354,Positive,3
2018-02-19,4131.9700,19.4600,31.6900,20.4600,19.1700,0.1963,75.0000,0.0002,Neutral,2
2018-02-26,4276.6400,15.8000,28.8600,18.1200,16.9200,0.1648,75.0125,0.0524,Positive,3
2018-03-05,4268.1700,18.7300,28.6800,20.6000,19.2100,0.1875,78.9445,-0.0046,Neutral,2
2018-03-12,4496.5900,15.7800,21.8300,17.5600,17.8000,0.1481,78.5840,-0.0484,Negative,1
2018-03-19,4361.4200,19.0200,28.8100,22.0600,19.3800,0.1946,74.7780,-0.0322,Negative,1
2018-03-26,4272.8400,21.0300,35.8100,25.1500,20.7000,0.2333,72.3670,-0.0291,Negative,1
2018-04-02,4029.1900,23.6200,48.0000,29.9200,22.5700,0.2941,70.2615,0.0182,Neutral,2
2018-04-09,4041.7400,21.7700,44.0500,26.9500,21.2300,0.2641,71.5395,0.0676,Positive,3
2018-04-16,4198.9400,16.5600,38.3800,20.4500,17.8200,0.2041,76.3745,0.0295,Positive,3
2018-04-23,4079.8800,16.3400,40.5800,22.1200,17.3500,0.2117,78.6310,0.0053,Neutral,2
2018-04-30,4072.9300,15.9300,27.8800,21.0600,17.3400,0.1698,79.0475,0.0139,Neutral,2
2018-05-07,4212.4900,14.7500,24.6000,18.7100,16.6500,0.1493,80.1455,-0.0178,Neutral,2
2018-05-14,4311.6500,12.9300,23.6700,16.0800,14.5300,0.1276,78.7185,0.0227,Positive,3
2018-05-21,4266.6100,13.0800,24.1400,16.9200,14.6900,0.1319,80.5075,0.0195,Neutral,2
2018-05-28,4300.4400,13.2200,21.7000,16.0600,14.8300,0.1235,82.0770,0.0259,Positive,3
2018-06-04,4393.7000,12.7400,20.7400,15.4900,14.9000,0.1190,84.1995,0.0190,Neutral,2
2018-06-11,4384.8300,12.3500,15.9800,16.4500,14.5500,0.1053,85.7985,-0.0002,Neutral,2
2018-06-18,4404.6000,12.3100,20.7500,16.8200,14.4800,0.1203,85.7835,-0.0093,Neutral,2
2018-06-25,4202.2700,17.3300,31.1400,21.9400,17.5200,0.1880,84.9900,0.0064,Neutral,2
2018-07-02,4229.6200,15.6000,31.7300,20.8100,16.9500,0.1801,85.5315,0.0599,Positive,3
2018-07-09,4335.3900,12.6900,31.6600,17.9100,14.8700,0.1574,90.6515,0.0004,Neutral,2
2018-07-16,4371.9700,12.8300,33.1500,17.7200,14.8500,0.1620,90.6850,0.0020,Neutral,2
2018-07-23,4385.1900,12.6200,33.1000,16.4900,14.8600,0.1579,90.8635,0.0033,Neutral,2
2018-07-30,4300.5300,14.2600,28.1600,20.4400,15.6600,0.1610,91.1645,0.0346,Positive,3
2018-08-06,4393.9500,11.2700,22.8000,15.4700,14.2300,0.1187,94.3150,-0.0022,Neutral,2
2018-08-13,4292.9600,14.7800,22.7600,16.5200,16.2100,0.1370,94.1110,0.0123,Neutral,2
2018-08-20,4259.2500,12.4900,24.5700,16.2900,15.0000,0.1308,95.2695,0.0563,Positive,3
2018-08-27,4424.0000,12.1600,21.8700,15.6000,14.7900,0.1211,100.6355,-0.0301,Negative,1
2018-09-03,4422.3000,12.8600,23.8100,16.0400,15.1500,0.1313,97.6035,0.0093,Neutral,2
2018-09-10,4281.4200,14.1600,31.5400,19.0400,16.1700,0.1683,98.5095,-0.0280,Negative,1
2018-09-17,4245.6000,13.6800,35.9700,18.5000,15.2800,0.1750,95.7505,0.0459,Positive,3
2018-09-24,4329.0100,12.2000,30.4200,17.2500,14.7700,0.1500,100.1500,-0.0566,Negative,1
2018-10-01,4324.8400,12.0000,32.6200,17.0900,14.7400,0.1554,94.4825,-0.0535,Negative,1
2018-10-08,4127.2500,15.6900,42.1500,22.1900,16.5100,0.2124,89.4305,-0.0137,Neutral,2
2018-10-15,3963.0900,21.3000,46.9900,26.8100,20.2900,0.2669,88.2015,-0.0687,Negative,1
2018-10-22,3983.0800,19.6400,43.8500,25.1600,19.8200,0.2469,82.1405,0.0138,Neutral,2
2018-10-29,3739.9900,24.7000,48.3500,31.7500,23.0600,0.3017,83.2765,0.0282,Positive,3
2018-11-05,3956.6700,19.9600,39.5500,27.2600,20.2000,0.2421,85.6215,-0.0695,Negative,1
2018-11-12,3852.9000,20.4500,43.4300,28.1100,20.2300,0.2562,79.6705,-0.0573,Negative,1
2018-11-19,3826.7000,20.1000,46.4900,27.4400,20.6400,0.2636,75.1030,0.1252,Positive,3
2018-11-26,3910.6400,18.9000,40.2300,26.0200,20.1100,0.2368,84.5085,-0.0361,Negative,1
2018-12-03,4118.1000,16.4400,37.5900,21.7000,17.9500,0.2045,81.4565,-0.0228,Negative,1
2018-12-10,3860.0600,22.6400,43.7600,27.2000,22.0100,0.2670,79.5955,-0.1347,Negative,1
2018-12-17,3754.2200,24.5200,48.9600,30.0700,23.4100,0.2996,68.8725,0.0730,Positive,3
2018-12-24,3457.9200,36.0700,60.0700,38.6800,28.8400,0.4047,73.9010,0.0659,Positive,3
2018-12-31,3705.7800,25.4200,48.4500,31.4400,23.7300,0.3050,78.7695,0.0414,Positive,3
2019-01-07,3762.7700,21.4000,46.0200,28.5300,21.6200,0.2716,82.0280,0.0339,Positive,3
2019-01-14,3828.0900,19.0700,45.0500,25.7400,19.9300,0.2491,84.8100,-0.0151,Neutral,2
2019-01-21,3971.4900,17.8000,38.5600,21.8900,18.8400,0.2132,83.5285,-0.0265,Negative,1
2019-01-28,4034.1200,18.8700,41.6000,23.4300,19.5800,0.2329,81.3115,-0.0234,Negative,1
2019-02-04,4230.1600,15.7300,30.4000,19.6800,17.1900,0.1741,79.4110,0.0124,Neutral,2
2019-02-11,4248.1300,15.9700,29.6700,20.0700,17.2200,0.1740,80.3975,0.0147,Neutral,2
2019-02-18,4347.4200,14.9100,27.2700,17.7000,16.4800,0.1557,81.5780,0.0246,Positive,3
2019-02-25,4421.9900,14.8500,25.1300,17.8100,16.0000,0.1487,83.5865,-0.0305,Negative,1
2019-03-04,4380.2300,14.6300,25.2400,17.3600,16.0300,0.1468,81.0400,0.0565,Positive,3
2019-03-11,4376.2400,14.3300,22.9900,16.3600,16.0100,0.1363,85.6180,0.0306,Positive,3
2019-03-18,4464.0800,13.1000,23.7200,16.1800,15.2400,0.1329,88.2385,0.0091,Neutral,2
2019-03-25,4451.7600,16.3300,30.4800,19.4400,17.4500,0.1788,89.0375,0.0317,Positive,3
2019-04-01,4594.9800,13.4000,29.3300,16.3100,15.4600,0.1530,91.8640,0.0031,Neutral,2
2019-04-08,4717.3200,13.1800,31.1200,16.8200,15.2800,0.1599,92.1530,0.0101,Neutral,2
2019-04-15,4749.9000,12.3200,30.2600,15.9300,14.5300,0.1502,93.0845,0.0478,Positive,3
2019-04-22,4814.4400,12.4200,28.4200,15.7400,14.7200,0.1459,97.5315,0.0061,Neutral,2
2019-04-29,4843.0900,13.1100,21.9700,16.4400,15.2300,0.1328,98.1230,-0.0369,Negative,1
2019-05-06,4802.2000,15.4400,24.9700,18.7000,16.4000,0.1583,94.4990,-0.0111,Neutral,2
2019-05-13,4434.7700,20.5500,30.7100,25.2500,19.7900,0.2158,93.4500,-0.0245,Negative,1
2019-05-20,4380.0200,16.3100,27.1300,21.6400,17.2900,0.1737,91.1640,-0.0264,Negative,1
2019-05-27,4326.5700,15.8500,27.2100,20.6300,17.0900,0.1685,88.7535,0.0163,Neutral,2
2019-06-03,4170.0200,18.8600,33.9900,24.2200,18.7700,0.2113,90.2015,0.0364,Positive,3
2019-06-10,4515.8800,15.9400,28.1000,19.9800,16.8800,0.1709,93.4835,0.0223,Positive,3
2019-06-17,4399.4000,15.3500,25.1500,20.0400,16.6100,0.1584,95.5650,-0.0092,Neutral,2
2019-06-24,4581.6400,15.2600,26.2200,19.4600,16.4700,0.1613,94.6815,0.0260,Positive,3
2019-07-01,4766.3100,14.0600,25.7500,17.6400,15.4300,0.1499,97.1455,0.0350,Positive,3
2019-07-08,4734.4100,13.9600,27.1800,17.7700,15.4800,0.1540,100.5500,-0.0231,Negative,1
2019-07-15,4876.3900,12.6800,27.3700,16.2200,15.0400,0.1467,98.2260,-0.0109,Neutral,2
2019-07-22,4906.4900,13.5300,28.1700,17.0700,15.4700,0.1557,97.1525,-0.0617,Negative,1
2019-07-29,4952.9600,12.8300,23.7700,16.3500,15.0000,0.1376,91.1620,-0.0086,Neutral,2
2019-08-05,4469.9700,24.5900,36.3100,27.5600,21.9000,0.2580,90.3790,-0.0083,Neutral,2
2019-08-12,4563.8800,21.0900,32.4600,25.1800,20.5000,0.2264,89.6285,-0.0240,Negative,1
2019-08-19,4700.1800,16.8800,25.0700,20.4300,18.3600,0.1733,87.4810,0.0152,Neutral,2
2019-08-26,4595.8600,19.3200,28.1900,23.2400,19.8200,0.2013,88.8145,0.0322,Positive,3
2019-09-02,4693.4100,18.9800,25.8800,22.3900,19.5400,0.1912,91.6755,0.0032,Neutral,2
2019-09-09,4857.6500,15.2700,24.3500,19.4200,17.5500,0.1628,91.9670,-0.0246,Negative,1
2019-09-16,4880.3300,14.6700,23.8200,19.0400,17.2000,0.1575,89.7080,-0.0383,Negative,1
2019-09-23,4830.1300,14.9100,25.7200,18.6400,17.8700,0.1645,86.2725,0.0082,Neutral,2
2019-09-30,4771.6800,16.2400,28.4000,20.0300,17.9600,0.1797,86.9825,-0.0044,Neutral,2
2019-10-07,4764.9000,17.8600,28.2600,21.6300,18.9100,0.1916,86.5960,0.0148,Neutral,2
2019-10-14,4844.2400,14.5700,29.0800,18.6100,17.1200,0.1709,87.8755,0.0022,Neutral,2
2019-10-21,4873.1500,14.0000,27.5000,17.3900,16.2800,0.1585,88.0665,0.0171,Neutral,2
2019-10-28,4985.4000,13.1100,20.2400,16.8100,15.9900,0.1331,89.5720,-0.0031,Neutral,2
2019-11-04,5086.8300,12.8300,19.8400,16.5600,15.6200,0.1303,89.2940,-0.0260,Negative,1
2019-11-11,5107.7300,12.6900,18.5700,16.0400,15.6000,0.1249,86.9745,0.0036,Neutral,2
2019-11-18,5162.0800,12.4600,19.5200,14.9400,15.1700,0.1230,87.2860,0.0316,Positive,3
2019-11-25,5177.9500,11.8700,19.5000,15.0800,14.9900,0.1213,90.0400,-0.0273,Negative,1
2019-12-02,5103.8700,14.9100,22.2900,18.0700,16.8400,0.1522,87.5800,0.0053,Neutral,2
2019-12-09,5140.8400,15.8600,22.1100,18.1500,17.3000,0.1565,88.0470,0.0145,Neutral,2
2019-12-16,5363.4700,12.1400,18.6700,14.0200,14.9800,0.1186,89.3250,0.0466,Positive,3
2019-12-23,5468.6600,12.6100,19.9300,15.1600,15.5000,0.1300,93.4900,0.0028,Neutral,2
2019-12-30,5441.6700,14.8200,25.7300,17.9000,16.6800,0.1650,93.7485,0.0044,Neutral,2
2020-01-06,5500.1300,13.8500,27.2100,17.1900,15.9200,0.1626,94.1580,-0.0098,Neutral,2
2020-01-13,5681.6100,12.3200,28.3000,15.5700,14.6400,0.1546,93.2360,-0.0017,Neutral,2
2020-01-20,5736.0600,12.1000,27.3100,14.9700,14.4100,0.1491,93.0820,0.0790,Positive,3
2020-01-27,5580.6900,18.2300,30.2800,21.4600,18.1600,0.2049,100.4360,0.0351,Positive,3
2020-02-03,5564.5300,17.9700,25.2500,20.4000,18.0400,0.1856,103.9640,0.0267,Positive,3
2020-02-10,5798.6600,15.0400,28.1300,19.3100,16.1300,0.1789,106.7435,-0.0182,Neutral,2
2020-02-17,5907.6700,13.6800,24.3600,17.9500,15.5000,0.1592,104.7985,-0.1013,Negative,1
2020-02-24,5481.0100,25.0300,32.9500,29.2300,21.9200,0.2659,94.1875,0.0092,Neutral,2
2020-03-02,5314.0100,33.4200,38.0400,35.1000,27.7000,0.3395,95.0545,-0.0611,Negative,1
2020-03-09,4690.8600,54.4600,54.2300,53.6800,43.0500,0.5459,89.2500,0.0342,Positive,3
2020-03-16,4043.3400,82.6900,72.6600,80.0800,67.7000,0.8340,92.3045,0.0293,Positive,3
2020-03-23,4091.4600,61.5900,54.0200,58.3600,56.6400,0.6199,95.0050,0.0034,Neutral,2
2020-03-30,4687.4800,57.0800,47.0500,55.0400,51.2600,0.5651,95.3295,0.0714,Positive,3
2020-04-06,4783.1600,45.2400,39.2900,42.9300,43.0900,0.4469,102.1380,0.1626,Positive,3
2020-04-13,4892.8500,41.1700,45.7500,41.3400,39.9700,0.4405,118.7500,0.0148,Neutral,2
2020-04-20,5076.4300,43.8300,54.7200,43.8500,40.9700,0.4872,120.5110,-0.0515,Negative,1
2020-04-27,5198.8000,33.2900,45.7900,35.2600,35.3300,0.3886,114.3020,0.0409,Positive,3
2020-05-04,5048.1800,35.9700,37.4900,36.8600,37.0000,0.3801,118.9805,0.0127,Neutral,2
2020-05-11,5366.3400,27.5700,29.5300,28.8200,30.3900,0.2906,120.4890,0.0112,Neutral,2
2020-05-18,5366.8800,29.3000,29.2500,30.2200,31.7700,0.3035,121.8440,0.0023,Neutral,2
2020-05-25,5453.3000,28.1600,30.4400,29.3600,31.5400,0.3016,122.1185,0.0166,Neutral,2
2020-06-01,5610.4900,28.2300,30.1700,28.9900,30.9200,0.2995,124.1500,0.0250,Positive,3
2020-06-08,5934.0300,25.8100,30.2900,26.8000,28.0800,0.2806,127.2510,0.0511,Positive,3
2020-06-15,5729.9800,34.4000,38.4800,33.6700,36.4300,0.3755,133.7505,0.0067,Neutral,2
2020-06-22,5922.3900,31.7700,35.5200,31.3800,33.7500,0.3457,134.6435,0.0733,Positive,3
2020-06-29,5834.0600,31.7800,38.3200,32.3000,33.9100,0.3562,144.5150,0.1072,Positive,3
2020-07-06,6124.4100,27.9400,42.6500,30.2000,30.9800,0.3454,160.0000,-0.0744,Negative,1
2020-07-13,6063.2500,32.1900,63.1400,37.6000,34.5400,0.4509,148.0985,0.0158,Neutral,2
2020-07-20,6300.9600,24.4600,57.2400,30.9100,29.1000,0.3765,150.4455,0.0518,Positive,3
2020-07-27,6178.7200,24.7400,48.8400,31.5500,30.0000,0.3560,158.2340,0.0009,Neutral,2
2020-08-03,6379.6000,24.2800,36.7100,29.2700,29.6600,0.3134,158.3730,-0.0061,Neutral,2
2020-08-10,6310.4400,22.1300,37.9700,29.8600,28.0500,0.3064,157.4010,0.0434,Positive,3
2020-08-17,6372.0300,21.3500,34.1800,27.7300,27.4500,0.2855,164.2360,0.0356,Positive,3
2020-08-24,6458.2700,22.3700,41.3100,29.8300,28.1000,0.3187,170.0900,-0.0315,Negative,1
2020-08-31,6651.3000,26.4100,43.9900,34.5500,31.8500,0.3669,164.7310,-0.0541,Negative,1
2020-09-07,6435.3100,30.7500,52.8500,41.7400,34.7500,0.4335,155.8110,-0.0518,Negative,1
2020-09-14,6285.9600,25.8500,43.3500,33.5600,30.4800,0.3515,147.7455,0.0475,Positive,3
2020-09-21,6163.5600,27.7800,48.2800,36.4300,31.6400,0.3823,154.7565,0.0097,Neutral,2
2020-09-28,6395.2900,26.1900,49.1400,34.6600,31.7400,0.3785,156.2500,0.0517,Positive,3
2020-10-05,6491.0500,27.9600,51.0200,35.6700,31.2800,0.3913,164.3325,-0.0042,Neutral,2
2020-10-12,6850.1900,25.0700,49.8900,33.4400,27.9800,0.3660,163.6355,-0.0209,Negative,1
2020-10-19,6687.5800,29.1800,56.1800,36.1400,30.4000,0.4104,160.2200,-0.0525,Negative,1
2020-10-26,6524.5200,32.4600,55.0500,37.4100,32.0700,0.4237,151.8075,0.0906,Positive,3
2020-11-02,6346.7600,37.1300,47.3300,40.9000,35.0600,0.4322,165.5685,-0.0551,Negative,1
2020-11-09,6901.9600,25.7500,39.0300,31.3200,26.8800,0.3263,156.4405,-0.0094,Neutral,2
2020-11-16,6995.1500,22.4500,34.3800,27.3700,25.3500,0.2878,154.9700,0.0310,Positive,3
2020-11-23,6961.8100,22.6600,33.6300,26.6400,25.4300,0.2839,159.7670,-0.0103,Neutral,2
2020-11-30,7170.5100,20.5700,35.0700,26.6800,24.3300,0.2811,158.1290,-0.0146,Neutral,2
2020-12-07,7411.3500,21.3000,34.7700,27.2000,24.5200,0.2872,155.8210,0.0273,Positive,3
2020-12-14,7327.0300,24.7200,36.1300,29.4400,27.1100,0.3153,160.0825,-0.0090,Neutral,2
2020-12-21,7515.0900,25.1600,37.0300,28.3500,27.5800,0.3199,158.6345,0.0266,Positive,3
2020-12-28,7495.5000,21.7000,37.6300,25.9100,25.1500,0.2963,162.8465,-0.0228,Negative,1
2021-01-04,7463.1800,26.9700,41.1600,30.1300,28.2600,0.3440,159.1350,-0.0246,Negative,1
2021-01-11,7723.3800,24.0800,44.2800,28.9200,26.7000,0.3393,155.2125,0.0606,Positive,3
2021-01-18,7729.1200,24.3400,41.2200,29.1700,27.2600,0.3338,164.6115,-0.0261,Negative,1
2021-01-25,7953.0400,23.1900,42.6500,28.7300,26.8800,0.3348,160.3100,0.0455,Positive,3
2021-02-01,7832.3600,30.2400,43.4700,34.2400,32.5300,0.3911,167.6075,-0.0222,Negative,1
2021-02-08,8121.0900,21.2400,32.4900,26.1800,26.6500,0.2933,163.8855,-0.0085,Neutral,2
2021-02-15,8470.0500,19.9700,30.6500,26.3600,26.5000,0.2884,162.4950,-0.0483,Negative,1
2021-02-22,8119.6700,23.4500,34.5800,31.0200,27.8100,0.3235,154.6465,-0.0299,Negative,1
2021-03-01,8155.8700,23.3500,32.0800,28.6700,26.7800,0.3058,150.0230,0.0297,Positive,3
2021-03-08,7197.5900,25.4700,39.2800,33.8700,28.1300,0.3415,154.4745,-0.0047,Neutral,2
2021-03-15,7803.3800,20.0300,32.7700,28.7200,24.8900,0.2881,153.7480,-0.0075,Neutral,2
2021-03-22,7838.4400,18.8800,30.5300,26.7000,22.9400,0.2659,152.6015,0.0357,Positive,3
2021-03-29,7724.8100,20.7400,31.8500,26.9400,23.2000,0.2752,158.0500,0.0668,Positive,3
2021-04-05,8245.2000,17.9100,30.6000,23.9300,20.9600,0.2532,168.6100,0.0081,Neutral,2
2021-04-12,8251.4900,16.9100,32.7600,22.4900,20.8200,0.2523,169.9720,-0.0172,Neutral,2
2021-04-19,8164.6400,17.2900,35.0300,22.8200,21.3700,0.2619,167.0440,0.0379,Positive,3
2021-04-26,8374.2300,17.6400,35.4700,22.5700,21.5400,0.2665,173.3710,-0.0507,Negative,1
2021-05-03,8022.7300,18.3100,28.0300,23.3400,21.7400,0.2452,164.5805,-0.0209,Negative,1
2021-05-10,7665.5000,19.6600,30.7400,26.5900,22.4000,0.2644,161.1450,-0.0061,Neutral,2
2021-05-17,7644.7100,19.7200,30.1600,25.5900,23.1400,0.2624,160.1540,0.0062,Neutral,2
2021-05-24,8000.2700,18.4000,26.2900,22.7600,22.2300,0.2401,161.1535,-0.0052,Neutral,2
2021-05-31,8064.8500,16.7600,24.9700,21.4400,20.4800,0.2224,160.3110,0.0439,Positive,3
2021-06-07,8101.6700,16.4200,25.0600,21.3700,20.5500,0.2222,167.3415,0.0419,Positive,3
2021-06-14,8334.3800,16.3900,23.2100,20.0600,20.1400,0.2141,174.3450,-0.0245,Negative,1
2021-06-21,8307.3400,17.8900,27.1800,20.7800,21.1200,0.2353,170.0730,0.0322,Positive,3
2021-06-28,8657.3900,15.7600,28.1500,19.5800,19.0200,0.2254,175.5490,0.0593,Positive,3
2021-07-05,8675.7600,15.0700,28.7400,19.2800,19.3000,0.2257,185.9670,-0.0392,Negative,1
2021-07-12,8637.3700,16.1700,34.7500,19.6800,20.4600,0.2513,178.6815,0.0232,Positive,3
2021-07-19,8348.0400,22.5000,36.6100,23.4400,24.9000,0.2974,182.8320,-0.0900,Negative,1
2021-07-26,8726.6200,17.5800,33.0800,20.3700,21.7400,0.2578,166.3795,0.0052,Neutral,2
2021-08-02,8898.5800,19.4600,25.9100,21.4900,23.0500,0.2516,167.2470,-0.0152,Neutral,2
2021-08-09,8965.9500,16.7200,23.8100,19.6900,21.2700,0.2272,164.6985,-0.0285,Negative,1
2021-08-16,8829.4400,16.1200,23.5700,19.0500,20.6400,0.2191,159.9975,0.0468,Positive,3
2021-08-23,8970.5300,17.1500,23.9500,19.8000,21.2000,0.2289,167.4815,0.0383,Positive,3
2021-08-30,9228.9600,16.1900,22.6400,19.0800,20.4000,0.2205,173.9025,-0.0026,Neutral,2
2021-09-06,9209.9300,16.4100,22.9600,19.7500,20.3200,0.2234,173.4575,-0.0019,Neutral,2
2021-09-13,9106.3700,19.3700,24.7600,21.6000,22.4700,0.2486,173.1260,-0.0107,Neutral,2
2021-09-20,8885.1200,25.7100,32.1200,27.2300,26.4000,0.3154,171.2760,-0.0415,Negative,1
2021-09-27,9032.0400,18.7600,27.5400,21.8300,21.4000,0.2512,164.1630,0.0016,Neutral,2
2021-10-04,8413.3700,22.9600,35.7500,27.7200,24.1100,0.3063,164.4310,0.0366,Positive,3
2021-10-11,8574.0800,20.0000,33.9400,23.4900,22.3900,0.2765,170.4510,-0.0216,Negative,1
2021-10-18,9020.8700,16.3100,28.6000,18.8300,20.2900,0.2349,166.7775,0.0111,Neutral,2
2021-10-25,9220.5900,15.2400,29.9300,18.8000,19.5600,0.2356,168.6215,0.0435,Positive,3
2021-11-01,9316.9800,16.4100,25.3400,19.7300,20.3900,0.2319,175.9495,0.0018,Neutral,2
2021-11-08,9772.1700,17.2200,27.3100,21.8800,20.9800,0.2535,176.2575,0.0430,Positive,3
2021-11-15,9712.2000,16.4900,28.6500,21.7100,20.8700,0.2539,183.8285,-0.0468,Negative,1
2021-11-22,9627.2400,19.1700,30.9800,23.5000,22.6300,0.2786,175.2280,-0.0327,Negative,1
2021-11-29,9670.7500,22.9600,30.5600,24.6300,25.0400,0.3001,169.4895,0.0161,Neutral,2
2021-12-06,9246.2600,27.1800,35.7400,30.1700,28.8800,0.3516,172.2120,-0.0127,Neutral,2
2021-12-13,9373.7600,20.3100,28.4200,24.0400,24.3200,0.2788,170.0175,0.0062,Neutral,2
2021-12-20,9113.2400,22.8700,34.0800,27.8800,26.3100,0.3176,171.0685,-0.0254,Negative,1
2021-12-27,9764.9000,17.6800,30.8800,21.7200,22.7400,0.2711,166.7170,-0.0250,Negative,1
2022-01-03,9565.4200,16.6000,29.6400,21.1700,21.5300,0.2563,162.5540,-0.0026,Neutral,2
2022-01-10,8991.2000,19.4000,34.3500,25.8300,22.6800,0.2887,162.1380,-0.1202,Negative,1
2022-01-17,8983.2000,19.1900,33.8400,25.7200,22.8200,0.2867,142.6430,0.0094,Neutral,2
2022-01-24,8370.6600,29.9000,49.1200,35.5500,30.8200,0.4109,143.9780,0.0949,Positive,3
2022-01-31,8542.9000,24.8300,39.8800,30.1600,26.8500,0.3420,157.6395,-0.0276,Negative,1
2022-02-07,8344.1200,22.8600,35.5900,30.0200,25.6900,0.3170,153.2935,-0.0045,Neutral,2
2022-02-14,8235.9600,28.3300,37.8100,34.0700,29.4400,0.3623,152.6015,0.0078,Neutral,2
2022-02-21,7985.2500,27.7500,38.1700,33.0500,29.2200,0.3552,153.7885,-0.0530,Negative,1
2022-02-28,8277.5600,30.1500,36.8200,32.7200,29.6500,0.3617,145.6410,-0.0008,Neutral,2
2022-03-07,7492.4400,36.4500,47.4000,38.7300,35.7400,0.4401,145.5245,0.1081,Positive,3
2022-03-14,7193.0600,31.7700,43.8800,36.5500,33.3200,0.3985,161.2505,0.0218,Positive,3
2022-03-21,8137.6800,23.5300,34.8200,28.6600,26.3800,0.3127,164.7735,-0.0074,Neutral,2
2022-03-28,8432.8900,19.6300,34.3400,26.5300,24.1800,0.2901,163.5600,-0.0556,Negative,1
2022-04-04,8495.5200,18.5700,34.5300,24.9300,23.0300,0.2798,154.4605,-0.0178,Neutral,2
2022-04-11,7694.5100,24.3700,44.8900,30.7500,27.0000,0.3479,151.7065,-0.0485,Negative,1
2022-04-18,7615.6400,22.1700,41.5200,29.5300,25.7500,0.3230,144.3500,-0.1390,Negative,1
2022-04-25,7420.7000,27.0200,48.5700,33.8300,29.0700,0.3791,124.2815,-0.0765,Negative,1
2022-05-02,7282.9400,32.3400,47.2100,37.8100,33.0100,0.4135,114.7725,-0.0150,Neutral,2
2022-05-09,6484.0900,34.7500,57.3200,41.4300,35.0500,0.4584,113.0550,-0.0483,Negative,1
2022-05-16,6628.3700,27.4700,54.1900,37.4400,29.5100,0.3996,107.5910,0.0702,Positive,3
2022-05-23,6664.0000,28.4800,54.4900,35.1800,30.2900,0.4000,115.1465,0.0626,Positive,3
2022-05-30,7137.7600,26.5400,46.8800,32.0000,28.0200,0.3605,122.3500,-0.1038,Negative,1
2022-06-06,7089.9000,25.0700,46.3800,32.1600,27.2200,0.3520,109.6500,-0.0313,Negative,1
2022-06-13,6209.2500,34.0200,56.8800,40.3600,34.2400,0.4459,106.2200,0.0964,Positive,3
2022-06-20,6144.5000,31.0300,50.3600,36.6600,32.3600,0.4003,116.4600,-0.0592,Negative,1
2022-06-27,6627.8000,26.9500,52.3900,33.5600,28.1800,0.3770,109.5600,0.0546,Positive,3
2022-07-04,6252.3600,27.5300,56.7200,34.2700,28.5200,0.3903,115.5400,-0.0172,Neutral,2
2022-07-11,6450.5700,26.1700,55.0900,32.9300,28.2500,0.3792,113.5500,0.0781,Positive,3
2022-07-18,6425.8500,25.3000,53.0800,31.5800,27.8200,0.3652,122.4200,0.1024,Positive,3
2022-07-25,6746.1700,23.3600,50.0200,29.4200,25.8000,0.3412,134.9500,0.0433,Positive,3
2022-08-01,7061.7600,22.8400,38.8400,28.7500,24.8600,0.3050,140.8000,0.0195,Neutral,2
2022-08-08,7261.8400,21.2900,37.7000,27.6500,24.4800,0.2952,143.5500,-0.0371,Negative,1
2022-08-15,7489.9400,19.9500,35.4100,25.4000,23.3200,0.2768,138.2300,-0.0541,Negative,1
2022-08-22,6858.1100,23.8000,40.2200,29.6500,26.0000,0.3160,130.7500,-0.0248,Negative,1
2022-08-29,6631.7800,26.2100,42.7600,32.3000,26.8200,0.3380,127.5100,0.0452,Positive,3
2022-09-05,6304.0000,25.9900,42.9400,32.3200,26.4800,0.3330,133.2700,-0.0731,Negative,1
2022-09-12,6758.8400,23.8700,38.9800,29.8100,25.3700,0.3096,123.5300,-0.0789,Negative,1
2022-09-19,6223.6200,25.7600,43.7400,32.3600,27.0100,0.3358,113.7800,-0.0069,Neutral,2
2022-09-26,5776.5500,32.2600,53.8300,36.9300,31.7700,0.4083,113.0000,0.0138,Neutral,2
2022-10-03,5909.8600,30.1000,54.4500,35.5600,30.6900,0.3980,114.5600,-0.0669,Negative,1
2022-10-10,5636.4800,32.4500,58.0900,38.5700,32.7300,0.4280,106.9000,0.1162,Positive,3
2022-10-17,5545.6000,31.3700,57.8800,37.0700,31.7400,0.4155,119.3200,-0.1333,Negative,1
2022-10-24,5762.6200,29.8500,54.8500,35.5000,30.3300,0.3954,103.4100,-0.1202,Negative,1
2022-10-31,5821.6200,25.8800,44.1300,31.1600,26.9200,0.3288,90.9800,0.1078,Positive,3
2022-11-07,5534.6500,24.3500,46.2400,30.8400,26.2600,0.3243,100.7900,-0.0660,Negative,1
2022-11-14,6165.0100,23.7300,47.8600,30.0200,26.1300,0.3319,94.1400,-0.0078,Neutral,2
2022-11-21,5965.1500,22.3600,47.0500,29.0000,24.7200,0.3155,93.4100,0.0077,Neutral,2
2022-11-28,5978.9400,22.2100,45.4100,28.3100,24.9000,0.3090,94.1300,-0.0535,Negative,1
2022-12-05,6094.4900,20.7500,42.8100,26.1600,23.8900,0.2889,89.0900,-0.0138,Neutral,2
2022-12-12,6189.5800,25.0000,46.5800,30.0600,25.6700,0.3303,87.8600,-0.0297,Negative,1
2022-12-19,5865.1300,22.4200,44.7100,27.4100,25.0800,0.3043,85.2500,-0.0147,Neutral,2
2022-12-26,5735.3200,20.8700,43.8300,26.3300,24.1300,0.2894,84.0000,0.0248,Positive,3
2023-01-02,5751.7600,21.6700,48.9000,27.6000,24.2900,0.3110,86.0800,0.1399,Positive,3
2023-01-09,5930.8000,21.9700,56.7500,27.8600,23.7400,0.3359,98.1200,-0.0089,Neutral,2
2023-01-16,6150.9000,19.4900,52.1000,23.8200,21.1400,0.2971,97.2500,0.0513,Positive,3
2023-01-23,6418.5700,19.8100,51.0200,24.6100,21.6000,0.3018,102.2400,0.0112,Neutral,2
2023-01-30,6363.2600,19.9400,52.8500,26.2500,21.3700,0.3108,103.3900,-0.0559,Negative,1
2023-02-06,6710.1600,19.4300,40.6500,25.8900,21.4300,0.2765,97.6100,-0.0042,Neutral,2
2023-02-13,6784.2800,20.3400,42.9900,27.2600,21.9700,0.2926,97.2000,-0.0381,Negative,1
2023-02-20,6682.6900,21.2300,40.3000,25.8200,21.7700,0.2811,93.5000,0.0150,Neutral,2
2023-02-27,6572.3300,20.9500,40.7600,26.6500,21.5900,0.2821,94.9000,-0.0439,Negative,1
2023-03-06,6707.6600,18.6100,37.7600,24.2500,19.9900,0.2558,90.7300,0.0906,Positive,3
2023-03-13,6466.7300,26.5200,44.0300,29.3900,26.6400,0.3317,98.9500,-0.0083,Neutral,2
2023-03-20,6783.6200,24.1500,41.2400,27.5500,25.8500,0.3126,98.1300,0.0526,Positive,3
2023-03-27,6779.4300,20.6000,46.0500,25.0700,22.8700,0.2993,103.2900,-0.0119,Neutral,2
2023-04-03,7064.5600,18.5500,46.0500,23.6700,20.8300,0.2857,102.0600,0.0044,Neutral,2
2023-04-10,6913.7400,18.9700,47.8900,24.5600,21.0700,0.2939,102.5100,0.0434,Positive,3
2023-04-17,6886.9100,16.9500,44.8400,21.9100,19.6500,0.2664,106.9600,-0.0141,Neutral,2
2023-04-24,6734.7300,16.8900,42.2200,21.5200,20.4000,0.2583,105.4500,0.0020,Neutral,2
2023-05-01,6722.0900,16.0800,33.2500,20.1900,19.6700,0.2229,105.6600,0.0435,Positive,3
2023-05-08,6762.1700,16.9800,32.4200,20.3100,20.7100,0.2275,110.2600,0.0543,Positive,3
2023-05-15,6928.5500,17.1200,32.2800,19.5500,20.3100,0.2258,116.2500,0.0332,Positive,3
2023-05-22,7267.8200,17.2100,31.5900,19.9700,20.3600,0.2293,120.1100,0.0345,Positive,3
2023-05-29,7700.7600,17.4600,33.5900,22.2100,20.4400,0.2477,124.2500,-0.0066,Neutral,2
2023-06-05,7736.6400,14.7300,30.0600,19.4200,17.9000,0.2131,123.4300,0.0167,Neutral,2
2023-06-12,7955.1700,15.0100,31.4900,20.4600,17.2800,0.2214,125.4900,0.0306,Positive,3
2023-06-19,8081.7400,14.1900,30.3400,19.5500,16.7500,0.2127,129.3300,0.0080,Neutral,2
2023-06-26,7746.3300,14.2500,39.2100,20.3700,17.0500,0.2386,130.3600,-0.0044,Neutral,2
2023-07-03,8073.7400,13.5700,39.8300,19.8700,16.0700,0.2375,129.7800,0.0378,Positive,3
2023-07-10,8054.8500,15.0700,42.2300,21.0800,17.2500,0.2562,134.6800,-0.0347,Negative,1
2023-07-17,8442.1500,13.4800,43.0000,19.4300,16.2700,0.2504,130.0000,0.0170,Neutral,2
2023-07-24,8200.7200,13.9100,43.1500,19.8300,16.2600,0.2503,132.2100,0.0557,Positive,3
2023-07-31,8587.4100,13.6300,41.8700,19.3200,16.0100,0.2479,139.5700,-0.0083,Neutral,2
2023-08-07,8226.7600,15.7700,31.2100,20.8200,17.7200,0.2284,138.4100,-0.0375,Negative,1
2023-08-14,8034.4900,14.8200,29.7500,20.2000,17.4100,0.2163,133.2200,0.0003,Neutral,2
2023-08-21,7915.8200,17.1300,31.2400,21.8900,18.7700,0.2354,133.2600,0.0365,Positive,3
2023-08-28,7951.0000,15.0800,31.9800,20.3900,17.1200,0.2222,138.1200,0.0008,Neutral,2
2023-09-04,8373.5300,13.8200,26.1700,18.4100,15.7400,0.1958,138.2300,0.0156,Neutral,2
2023-09-11,8339.6300,13.8000,26.8300,18.8400,16.0200,0.1996,140.3900,-0.0803,Negative,1
2023-09-18,8126.2000,14.0000,27.5200,18.9600,16.1300,0.2004,129.1200,-0.0155,Neutral,2
2023-09-25,7877.5100,16.9000,35.7200,21.6500,18.0200,0.2442,127.1200,0.0066,Neutral,2
2023-10-02,7997.3300,17.6100,42.0000,21.5100,18.6200,0.2679,127.9600,0.0143,Neutral,2
2023-10-09,8126.1800,17.7000,42.6800,21.8200,18.8100,0.2732,129.7900,-0.0356,Negative,1
2023-10-16,8179.3400,17.2100,41.3200,21.3900,18.7900,0.2672,125.1700,0.0205,Positive,3
2023-10-23,7784.7300,20.3700,45.1800,23.9700,21.3300,0.2991,127.7400,0.0850,Positive,3
2023-10-30,7548.6500,19.7500,33.9100,23.6100,20.8000,0.2584,138.6000,0.0358,Positive,3
2023-11-06,7946.6600,14.8900,27.0800,18.6500,17.0300,0.2018,143.5600,0.0113,Neutral,2
2023-11-13,8289.8800,14.7600,28.2100,18.8200,16.6100,0.2078,145.1800,0.0107,Neutral,2
2023-11-20,8758.7500,13.4100,26.1800,17.1400,15.6900,0.1954,146.7400,0.0020,Neutral,2
2023-11-27,8677.0300,12.6900,25.9500,16.4400,15.3400,0.1886,147.0300,0.0027,Neutral,2
2023-12-04,8767.8200,13.0800,26.2500,17.2100,15.6800,0.1950,147.4200,0.0173,Neutral,2
2023-12-11,9095.4800,12.6300,26.0900,16.2700,15.1900,0.1927,149.9700,0.0230,Positive,3
2023-12-18,9475.2500,12.5600,25.6900,15.8700,15.4700,0.1956,153.4200,-0.0096,Neutral,2
2023-12-25,9566.5600,13.0300,26.2600,16.6200,15.9900,0.2036,151.9400,-0.0441,Negative,1
2024-01-01,9587.9200,12.4500,29.1000,16.2000,15.2600,0.2069,145.2400,0.0646,Positive,3
2024-01-08,9382.0400,13.0800,36.3000,16.8600,15.1400,0.2290,154.6200,0.0047,Neutral,2
2024-01-15,9534.1700,13.2500,36.0300,16.5400,14.9400,0.2288,155.3400,0.0243,Positive,3
2024-01-22,9994.6000,13.1900,37.4200,17.2000,14.9700,0.2401,159.1200,0.0798,Positive,3
2024-01-29,10077.2900,13.6000,37.9700,17.3900,15.2200,0.2453,171.8100,0.0154,Neutral,2
2024-02-05,10017.6600,13.6700,26.5800,17.5700,15.3300,0.2119,174.4500,-0.0283,Negative,1
2024-02-12,10371.7100,13.9300,27.3000,18.0900,15.6700,0.2216,169.5100,0.0323,Positive,3
2024-02-19,10225.0300,14.7100,28.3500,18.6000,15.8600,0.2273,174.9900,0.0185,Neutral,2
2024-02-26,10329.9200,13.7400,28.0300,17.8300,15.2200,0.2204,178.2200,-0.0161,Neutral,2
2024-03-04,10606.4200,13.4900,26.2200,17.6000,15.2300,0.2170,175.3500,-0.0053,Neutral,2
2024-03-11,10359.6400,15.2200,27.7600,19.3700,16.4600,0.2329,174.4200,0.0255,Positive,3
2024-03-18,10221.2100,14.3300,26.7800,19.4000,16.2200,0.2252,178.8700,0.0084,Neutral,2
2024-03-25,10388.2200,13.1900,33.2500,17.2300,15.3800,0.2339,180.3800,0.0260,Positive,3
2024-04-01,10463.7000,13.6500,37.5500,17.5600,15.5200,0.2502,185.0700,0.0057,Neutral,2
2024-04-08,10309.0200,15.1900,39.3800,18.7700,16.5600,0.2653,186.1300,-0.0618,Negative,1
2024-04-15,9976.7200,19.2300,41.9100,22.8400,19.5500,0.3023,174.6300,0.0286,Positive,3
2024-04-22,9631.7300,16.9400,42.0600,21.1100,17.6300,0.2806,179.6200,0.0367,Positive,3
2024-04-29,10039.6400,14.6700,44.1800,19.2200,16.0000,0.2742,186.2100,0.0068,Neutral,2
2024-05-06,10112.9700,13.4900,24.5900,17.4200,15.0200,0.2051,187.4800,-0.0148,Neutral,2
2024-05-13,10140.5900,13.6000,24.4300,17.4000,14.8900,0.2048,184.7000,-0.0214,Negative,1
2024-05-20,10554.5100,12.1500,24.5700,15.9200,14.1100,0.1990,180.7500,-0.0238,Negative,1
2024-05-27,10549.2200,12.3600,23.5700,15.6600,14.1700,0.1960,176.4400,0.0445,Positive,3
2024-06-03,10119.9900,13.1100,25.7700,16.8900,14.8000,0.2054,184.3000,-0.0035,Neutral,2
2024-06-10,10455.0000,12.7400,23.7600,16.0000,14.6000,0.1990,183.6600,0.0295,Positive,3
2024-06-17,10850.7500,12.7500,26.2500,16.8300,14.7900,0.2141,189.0800,0.0221,Positive,3
2024-06-24,10582.2800,13.3300,30.5000,17.2400,15.2300,0.2279,193.2500,0.0349,Positive,3
2024-07-01,10832.3700,12.2200,39.1200,16.0800,14.1900,0.2463,200.0000,-0.0275,Negative,1
2024-07-08,11178.9700,12.3700,40.3500,17.0300,14.2900,0.2574,194.4900,-0.0584,Negative,1
2024-07-15,11168.4800,13.1200,41.3800,18.3500,14.8700,0.2683,183.1300,-0.0034,Neutral,2
2024-07-22,10709.8600,14.9100,43.2800,19.9700,16.0900,0.2825,182.5000,-0.0800,Negative,1
2024-07-29,10212.0000,16.6000,44.7200,22.8300,17.1600,0.2976,167.9000,-0.0057,Neutral,2
2024-08-05,9288.3100,38.5700,48.1700,35.1000,33.7100,0.4515,166.9400,0.0606,Positive,3
2024-08-12,9753.1400,20.7100,33.2900,24.9300,21.6300,0.2916,177.0600,-0.0001,Neutral,2
2024-08-19,10515.5100,14.6500,27.4000,19.9300,17.5900,0.2377,177.0400,0.0082,Neutral,2
2024-08-26,10269.2700,16.1500,29.2100,21.5700,18.2500,0.2514,178.5000,-0.0398,Negative,1
2024-09-02,10465.2000,15.5500,27.3200,19.2900,17.4300,0.2369,171.3900,0.0881,Positive,3
2024-09-09,9744.1300,19.4500,31.6100,23.9200,20.8800,0.2775,186.4900,0.0274,Positive,3
2024-09-16,10092.9800,17.1400,29.4900,22.5100,19.8100,0.2611,191.6000,-0.0189,Neutral,2
2024-09-23,10264.6200,15.8900,27.0100,19.5400,18.7000,0.2399,187.9700,-0.0078,Neutral,2
2024-09-30,10443.2600,16.7300,36.7600,20.1900,19.2200,0.2769,186.5100,0.0124,Neutral,2
2024-10-07,10412.7900,22.6400,42.3600,24.3400,22.5900,0.3332,188.8200,0.0009,Neutral,2
2024-10-14,10924.4600,19.7000,38.8100,23.3200,20.1200,0.3088,188.9900,-0.0061,Neutral,2
2024-10-21,10530.5600,18.3700,38.3200,21.9600,19.2400,0.2921,187.8300,0.0538,Positive,3
2024-10-28,10523.8600,19.8000,40.9700,22.9300,20.1700,0.3099,197.9300,0.0518,Positive,3
2024-11-04,10254.2800,21.9800,29.3400,23.8800,21.5700,0.2860,208.1800,-0.0268,Negative,1
2024-11-11,10828.7100,14.9700,26.4600,18.3700,16.8000,0.2322,202.6100,-0.0271,Negative,1
2024-11-18,10442.9800,15.5800,30.5400,19.7700,17.1900,0.2468,197.1200,0.0546,Positive,3
2024-11-25,10903.9800,14.6000,28.9400,17.5900,16.8700,0.2374,207.8900,0.0921,Positive,3
2024-12-02,10941.9800,13.3400,26.7300,16.1200,16.3400,0.2217,227.0300,0.0019,Neutral,2
2024-12-09,10993.2100,14.1900,27.6800,16.5500,17.0900,0.2314,227.4600,-0.0112,Neutral,2
2024-12-16,11019.4700,14.6900,28.6300,18.4400,17.5700,0.2430,224.9200,-0.0052,Neutral,2
2024-12-23,10572.2800,16.7800,29.3900,19.0300,18.6500,0.2513,223.7500,0.0020,Neutral,2
2024-12-30,10352.0300,17.4000,32.6600,19.7900,18.9400,0.2633,224.1900,-0.0234,Negative,1
2025-01-06,10739.5400,16.0400,36.8500,19.0000,18.0300,0.2710,218.9400,0.0320,Positive,3
2025-01-13,10243.0400,19.1900,40.3600,21.8000,20.4300,0.3009,225.9400,0.0394,Positive,3
2025-01-20,10757.3000,15.8100,36.9700,18.9600,18.1900,0.2714,234.8500,0.0121,Neutral,2
2025-01-27,10574.9700,17.9000,39.3400,21.6100,18.9700,0.2924,237.6800,-0.0359,Negative,1
2025-02-03,10766.3200,18.6200,40.6300,21.2800,19.5500,0.3016,229.1500,-0.0021,Neutral,2
2025-02-10,11086.3600,15.8100,26.6600,18.8400,18.2300,0.2445,228.6800,-0.0529,Negative,1
2025-02-17,11357.9600,15.3700,26.4500,18.0300,17.8100,0.2420,216.5800,-0.0199,Neutral,2
2025-02-24,10780.5100,18.9800,31.8400,21.4600,19.8600,0.2783,212.2800,-0.0614,Negative,1
2025-03-03,10168.9800,22.7800,36.6500,24.9600,22.1800,0.3141,199.2500,-0.0065,Neutral,2
2025-03-10,9548.5500,27.8600,43.8000,28.8400,25.7200,0.3657,197.9500,-0.0088,Neutral,2
2025-03-17,10046.5100,20.5100,36.0700,25.0400,21.3000,0.3019,196.2100,-0.0178,Neutral,2
2025-03-24,10236.7700,17.4800,31.0400,21.2700,19.0400,0.2620,192.7200,-0.1127,Negative,1
2025-03-31,9472.5900,22.2800,41.0900,25.3700,21.9700,0.3182,171.0000,0.0811,Positive,3
2025-04-07,8368.8700,46.9800,64.9500,38.6400,36.8800,0.5349,184.8700,-0.0663,Negative,1
2025-04-14,9018.3000,30.8900,53.4300,34.3300,29.6300,0.4261,172.6100,0.0949,Positive,3
2025-04-21,8601.8200,33.8200,53.7100,36.8700,31.8300,0.4452,188.9900,0.0052,Neutral,2
2025-04-28,9665.8900,25.1500,45.5800,28.5400,25.7300,0.3642,189.9800,0.0162,Neutral,2
2025-05-05,9976.9200,23.6400,35.9100,26.5400,24.5500,0.3251,193.0600,0.0649,Positive,3
2025-05-12,10617.5500,18.3900,30.6000,22.2800,20.2200,0.2748,205.5900,-0.0224,Negative,1
2025-05-19,10828.3000,18.1400,31.6100,21.9500,20.6900,0.2803,200.9900,0.0200,Positive,3
2025-05-26,10466.4800,20.5700,35.2900,25.2900,23.8000,0.3143,205.0100,0.0418,Positive,3
2025-06-02,10679.3300,18.3600,30.5600,19.4300,21.0900,0.2702,213.5700,-0.0069,Neutral,2
2025-06-09,11127.6500,17.1600,29.7600,20.1700,20.0900,0.2684,212.1000,-0.0114,Neutral,2
2025-06-16,11236.7500,19.1100,29.5500,21.0900,21.2300,0.2810,209.6900,0.0649,Positive,3
2025-06-23,11184.9300,19.8300,30.1400,21.1500,21.8200,0.2864,223.3000,0.0005,Neutral,2
2025-06-30,11641.9100,16.7300,35.6400,19.5600,19.4400,0.2865,223.4100,0.0072,Neutral,2
2025-07-07,11707.2000,17.7900,39.0800,20.6800,20.2100,0.3063,225.0200,0.0049,Neutral,2
2025-07-14,11709.4900,17.2000,36.8000,19.7800,19.8400,0.2941,226.1300,0.0235,Positive,3
2025-07-21,11909.3900,16.6500,34.9900,18.7100,19.5100,0.2853,231.4400,-0.0721,Negative,1
2025-07-28,11954.8400,15.0300,34.4900,17.2700,18.1600,0.2710,214.7500,0.0370,Positive,3
2025-08-04,11630.5300,17.5200,28.7700,19.2400,19.6100,0.2679,222.6900,0.0375,Positive,3
2025-08-11,11521.0700,16.2500,26.7000,18.1700,19.2500,0.2527,231.0300,-0.0095,Neutral,2
2025-08-18,11698.4700,14.9900,26.0300,17.7500,18.4500,0.2452,228.8400,0.0007,Neutral,2
2025-08-25,11614.5400,14.7900,26.4600,18.4200,18.0200,0.2454,229.0000,0.0145,Neutral,2
2025-09-01,11625.1800,16.1200,25.7900,19.1100,18.3500,0.2503,232.3300,-0.0180,Neutral,2
2025-09-08,11832.7200,15.1100,27.0200,18.3500,18.2900,0.2512,228.1500,0.0146,Neutral,2
2025-09-15,12016.1800,15.6900,28.8400,19.1200,18.5300,0.2634,231.4800,-0.0505,Negative,1
2025-09-22,12539.5400,16.1000,30.2100,19.4200,18.9500,0.2770,219.7800,-0.0012,Neutral,2
2025-09-29,12555.9100,16.1200,36.9400,19.8700,18.7600,0.2978,219.5100,-0.0143,Neutral,2
2025-10-06,12916.1800,16.3700,42.4200,20.4000,19.1200,0.3217,216.3700,-0.0154,Neutral,2
2025-10-13,12679.0500,19.0300,45.0200,22.8000,20.9300,0.3473,213.0400,0.0524,Positive,3
2025-10-20,12954.6100,18.2300,45.6700,22.6400,20.3100,0.3476,224.2100,0.0892,Positive,3
2025-10-27,13330.5700,15.7900,41.2300,20.5000,18.9900,0.3213,244.2200,0.0008,Neutral,2
2025-11-03,13249.0700,17.1700,33.3900,21.7300,20.3800,0.3094,244.4100,-0.0398,Negative,1
2025-11-10,12947.4200,17.6000,33.0600,22.6200,20.2400,0.3081,234.6900,-0.0597,Negative,1
2025-11-17,12262.3800,22.3800,37.4800,28.1600,23.1800,0.3527,220.6900,0.0568,Positive,3
2025-11-24,12138.7000,20.5200,34.8200,25.5700,21.8500,0.3261,233.2200,-0.0158,Neutral,2
2025-12-01,12504.5500,17.2400,32.4000,22.0600,20.2200,0.2983,229.5300,-0.0146,Neutral,2
2025-12-08,13046.5000,16.6600,31.0400,20.7500,19.9100,0.2942,226.1900,0.0051,Neutral,2
2025-12-15,12667.0200,16.5000,30.2600,20.7100,19.6800,0.2861,227.3500,0.0227,Positive,3
2025-12-22,12840.3600,14.0800,27.0500,17.8500,17.7900,0.2570,232.5200,-0.0259,Negative,1
2025-12-29,12785.8200,14.2000,26.3500,18.3900,17.8200,0.2563,226.5000,0.0922,Positive,3
2026-01-05,12838.8000,14.9000,36.7500,20.0100,18.3200,0.2960,247.3800,-0.0334,Negative,1
2026-01-12,13137.5700,15.1200,39.7700,19.5300,18.2300,0.3074,239.1200,0.0002,Neutral,2
2026-01-19,12954.5500,18.8400,40.3400,20.2900,18.9900,0.3220,239.1600,0.0006,Neutral,2
2026-01-26,13134.4700,16.1500,43.5200,20.4300,19.0700,0.3268,239.3000,-0.1211,Negative,1
2026-02-02,13028.1600,16.3400,43.9900,21.2300,19.3700,0.3309,210.3200,-0.0548,Negative,1
2026-02-09,12591.4700,17.3600,35.1800,23.4200,20.0900,0.3113,198.7900,0.0569,Positive,3
2026-02-16,12407.3500,21.2000,36.3300,26.3700,22.1700,0.3390,210.1100,-0.0005,Neutral,2
2026-02-23,12076.3300,21.0100,37.4800,26.3600,22.1400,0.3379,210.0000,0.0153,Neutral,2
2026-03-02,12269.7700,21.4400,37.2800,25.4000,22.4400,0.3390,213.2100,-0.0260,Negative,1
2026-03-09,12338.0700,25.5000,37.2500,27.6900,25.3400,0.3678,207.6700,-0.0111,Neutral,2
2026-03-16,12211.4100,23.5100,35.5800,26.3200,24.9200,0.3505,205.3700,-0.0294,Negative,1
2026-03-23,12177.3500,26.1500,34.7400,27.9800,26.1000,0.3638,199.3400,0.0523,Positive,3
2026-03-30,11312.0800,30.6100,47.3100,33.2600,29.1300,0.4291,209.7700,0.1364,Positive,3
2026-04-06,12125.6300,24.1700,45.2100,27.3900,24.7700,0.3823,238.3800,0.0511,Positive,3
2026-04-13,12746.1900,19.1200,44.8700,22.1900,21.3400,0.3476,250.5600,0.0536,Positive,3
2026-04-20,13709.8900,18.8700,42.7300,22.9300,21.2400,0.3536,263.9900,0.0162,Neutral,2
2026-04-27,14312.0300,18.0200,43.2500,23.0800,20.7700,0.3586,268.2600,0.0165,Neutral,2
2026-05-04,14874.7000,18.2900,31.5400,23.0400,21.0500,0.3321,272.6800,-0.0313,Negative,1
2026-05-11,16278.2200,18.3800,30.8900,24.7400,21.2400,0.3523,264.1400,0.0083,Neutral,2
2026-05-18,15801.2500,17.8200,31.3500,24.2100,20.9200,0.3439,266.3200,0.0162,Neutral,2
2026-05-25,16648.5200,16.5900,30.5800,22.8200,20.0300,0.3410,270.6400,-0.0909,Negative,1
2026-06-01,17960.0100,16.0500,34.4900,23.1800,19.4300,0.3653,246.0300,-0.0304,Negative,1
2026-06-08,17114.8100,18.9200,35.0500,27.1200,20.7900,0.3811,238.5500,0.0245,Positive,3
