Tag,start,end,val,form,frame
RevenueFromContractWithCustomerExcludingAssessedTax,2016-01-01,2016-12-31,135987000000,10-K,CY2016
RevenueFromContractWithCustomerExcludingAssessedTax,2017-01-01,2017-03-31,35714000000,10-K,CY2017Q1
RevenueFromContractWithCustomerExcludingAssessedTax,2017-04-01,2017-06-30,37955000000,10-K,CY2017Q2
RevenueFromContractWithCustomerExcludingAssessedTax,2017-01-01,2017-09-30,117413000000,10-Q,None
RevenueFromContractWithCustomerExcludingAssessedTax,2017-07-01,2017-09-30,43744000000,10-Q,None
RevenueFromContractWithCustomerExcludingAssessedTax,2017-07-01,2017-09-30,43744000000,10-K,CY2017Q3
RevenueFromContractWithCustomerExcludingAssessedTax,2017-01-01,2017-12-31,177866000000,10-K,None
RevenueFromContractWithCustomerExcludingAssessedTax,2017-01-01,2017-12-31,177866000000,10-K,CY2017
RevenueFromContractWithCustomerExcludingAssessedTax,2017-10-01,2017-12-31,60453000000,10-K,CY2017Q4
RevenueFromContractWithCustomerExcludingAssessedTax,2018-01-01,2018-03-31,51042000000,10-K,None
RevenueFromContractWithCustomerExcludingAssessedTax,2018-01-01,2018-03-31,51042000000,10-Q,None
RevenueFromContractWithCustomerExcludingAssessedTax,2018-01-01,2018-03-31,51042000000,10-K,CY2018Q1
RevenueFromContractWithCustomerExcludingAssessedTax,2018-01-01,2018-06-30,103928000000,10-Q,None
RevenueFromContractWithCustomerExcludingAssessedTax,2018-04-01,2018-06-30,52886000000,10-K,None
RevenueFromContractWithCustomerExcludingAssessedTax,2018-04-01,2018-06-30,52886000000,10-Q,None
RevenueFromContractWithCustomerExcludingAssessedTax,2018-04-01,2018-06-30,52886000000,10-K,CY2018Q2
RevenueFromContractWithCustomerExcludingAssessedTax,2018-01-01,2018-09-30,160504000000,10-Q,None
RevenueFromContractWithCustomerExcludingAssessedTax,2018-01-01,2018-09-30,160504000000,10-Q,None
RevenueFromContractWithCustomerExcludingAssessedTax,2018-07-01,2018-09-30,56576000000,10-Q,None
RevenueFromContractWithCustomerExcludingAssessedTax,2018-07-01,2018-09-30,56576000000,10-K,None
RevenueFromContractWithCustomerExcludingAssessedTax,2018-07-01,2018-09-30,56576000000,10-Q,None
RevenueFromContractWithCustomerExcludingAssessedTax,2018-07-01,2018-09-30,56576000000,10-K,CY2018Q3
RevenueFromContractWithCustomerExcludingAssessedTax,2018-01-01,2018-12-31,232887000000,10-K,None
RevenueFromContractWithCustomerExcludingAssessedTax,2018-01-01,2018-12-31,232887000000,10-K,None
RevenueFromContractWithCustomerExcludingAssessedTax,2018-01-01,2018-12-31,232887000000,10-K,CY2018
RevenueFromContractWithCustomerExcludingAssessedTax,2018-10-01,2018-12-31,72383000000,10-K,None
RevenueFromContractWithCustomerExcludingAssessedTax,2018-10-01,2018-12-31,72383000000,10-K,CY2018Q4
RevenueFromContractWithCustomerExcludingAssessedTax,2019-01-01,2019-03-31,59700000000,10-Q,None
RevenueFromContractWithCustomerExcludingAssessedTax,2019-01-01,2019-03-31,59700000000,10-K,None
RevenueFromContractWithCustomerExcludingAssessedTax,2019-01-01,2019-03-31,59700000000,10-Q,None
RevenueFromContractWithCustomerExcludingAssessedTax,2019-01-01,2019-03-31,59700000000,10-K,CY2019Q1
RevenueFromContractWithCustomerExcludingAssessedTax,2019-01-01,2019-06-30,123104000000,10-Q,None
RevenueFromContractWithCustomerExcludingAssessedTax,2019-01-01,2019-06-30,123104000000,10-Q,None
RevenueFromContractWithCustomerExcludingAssessedTax,2019-04-01,2019-06-30,63404000000,10-Q,None
RevenueFromContractWithCustomerExcludingAssessedTax,2019-04-01,2019-06-30,63404000000,10-K,None
RevenueFromContractWithCustomerExcludingAssessedTax,2019-04-01,2019-06-30,63404000000,10-Q,None
RevenueFromContractWithCustomerExcludingAssessedTax,2019-04-01,2019-06-30,63404000000,10-K,CY2019Q2
RevenueFromContractWithCustomerExcludingAssessedTax,2019-01-01,2019-09-30,193086000000,10-Q,None
RevenueFromContractWithCustomerExcludingAssessedTax,2019-01-01,2019-09-30,193086000000,10-Q,None
RevenueFromContractWithCustomerExcludingAssessedTax,2019-07-01,2019-09-30,69981000000,10-Q,None
RevenueFromContractWithCustomerExcludingAssessedTax,2019-07-01,2019-09-30,69981000000,10-K,None
RevenueFromContractWithCustomerExcludingAssessedTax,2019-07-01,2019-09-30,69981000000,10-Q,None
RevenueFromContractWithCustomerExcludingAssessedTax,2019-07-01,2019-09-30,69981000000,10-K,CY2019Q3
RevenueFromContractWithCustomerExcludingAssessedTax,2019-01-01,2019-12-31,280522000000,10-K,None
RevenueFromContractWithCustomerExcludingAssessedTax,2019-01-01,2019-12-31,280522000000,10-K,None
RevenueFromContractWithCustomerExcludingAssessedTax,2019-01-01,2019-12-31,280522000000,10-K,CY2019
RevenueFromContractWithCustomerExcludingAssessedTax,2019-10-01,2019-12-31,87437000000,10-K,None
RevenueFromContractWithCustomerExcludingAssessedTax,2019-10-01,2019-12-31,87437000000,10-K,CY2019Q4
RevenueFromContractWithCustomerExcludingAssessedTax,2020-01-01,2020-03-31,75452000000,10-Q,None
RevenueFromContractWithCustomerExcludingAssessedTax,2020-01-01,2020-03-31,75452000000,10-K,None
RevenueFromContractWithCustomerExcludingAssessedTax,2020-01-01,2020-03-31,75452000000,10-Q,CY2020Q1
RevenueFromContractWithCustomerExcludingAssessedTax,2020-01-01,2020-06-30,164364000000,10-Q,None
RevenueFromContractWithCustomerExcludingAssessedTax,2020-01-01,2020-06-30,164364000000,10-Q,None
RevenueFromContractWithCustomerExcludingAssessedTax,2020-04-01,2020-06-30,88912000000,10-Q,None
RevenueFromContractWithCustomerExcludingAssessedTax,2020-04-01,2020-06-30,88912000000,10-K,None
RevenueFromContractWithCustomerExcludingAssessedTax,2020-04-01,2020-06-30,88912000000,10-Q,CY2020Q2
RevenueFromContractWithCustomerExcludingAssessedTax,2020-01-01,2020-09-30,260509000000,10-Q,None
RevenueFromContractWithCustomerExcludingAssessedTax,2020-01-01,2020-09-30,260509000000,10-Q,None
RevenueFromContractWithCustomerExcludingAssessedTax,2020-07-01,2020-09-30,96145000000,10-Q,None
RevenueFromContractWithCustomerExcludingAssessedTax,2020-07-01,2020-09-30,96145000000,10-K,None
RevenueFromContractWithCustomerExcludingAssessedTax,2020-07-01,2020-09-30,96145000000,10-Q,CY2020Q3
RevenueFromContractWithCustomerExcludingAssessedTax,2020-01-01,2020-12-31,386064000000,10-K,None
RevenueFromContractWithCustomerExcludingAssessedTax,2020-01-01,2020-12-31,386064000000,10-K,None
RevenueFromContractWithCustomerExcludingAssessedTax,2020-01-01,2020-12-31,386064000000,10-K,CY2020
RevenueFromContractWithCustomerExcludingAssessedTax,2020-10-01,2020-12-31,125555000000,10-K,CY2020Q4
RevenueFromContractWithCustomerExcludingAssessedTax,2021-01-01,2021-03-31,108518000000,10-Q,None
RevenueFromContractWithCustomerExcludingAssessedTax,2021-01-01,2021-03-31,108518000000,10-Q,CY2021Q1
RevenueFromContractWithCustomerExcludingAssessedTax,2021-01-01,2021-06-30,221598000000,10-Q,None
RevenueFromContractWithCustomerExcludingAssessedTax,2021-01-01,2021-06-30,221598000000,10-Q,None
RevenueFromContractWithCustomerExcludingAssessedTax,2021-04-01,2021-06-30,113080000000,10-Q,None
RevenueFromContractWithCustomerExcludingAssessedTax,2021-04-01,2021-06-30,113080000000,10-Q,CY2021Q2
RevenueFromContractWithCustomerExcludingAssessedTax,2021-01-01,2021-09-30,332410000000,10-Q,None
RevenueFromContractWithCustomerExcludingAssessedTax,2021-01-01,2021-09-30,332410000000,10-Q,None
RevenueFromContractWithCustomerExcludingAssessedTax,2021-07-01,2021-09-30,110812000000,10-Q,None
RevenueFromContractWithCustomerExcludingAssessedTax,2021-07-01,2021-09-30,110812000000,10-Q,CY2021Q3
RevenueFromContractWithCustomerExcludingAssessedTax,2021-01-01,2021-12-31,469822000000,10-K,None
RevenueFromContractWithCustomerExcludingAssessedTax,2021-01-01,2021-12-31,469822000000,10-K,None
RevenueFromContractWithCustomerExcludingAssessedTax,2021-01-01,2021-12-31,469822000000,10-K,CY2021
RevenueFromContractWithCustomerExcludingAssessedTax,2022-01-01,2022-03-31,116444000000,10-Q,None
RevenueFromContractWithCustomerExcludingAssessedTax,2022-01-01,2022-03-31,116444000000,10-Q,CY2022Q1
RevenueFromContractWithCustomerExcludingAssessedTax,2022-01-01,2022-06-30,237678000000,10-Q,None
RevenueFromContractWithCustomerExcludingAssessedTax,2022-01-01,2022-06-30,237678000000,10-Q,None
RevenueFromContractWithCustomerExcludingAssessedTax,2022-04-01,2022-06-30,121234000000,10-Q,None
RevenueFromContractWithCustomerExcludingAssessedTax,2022-04-01,2022-06-30,121234000000,10-Q,CY2022Q2
RevenueFromContractWithCustomerExcludingAssessedTax,2022-01-01,2022-09-30,364779000000,10-Q,None
RevenueFromContractWithCustomerExcludingAssessedTax,2022-01-01,2022-09-30,364779000000,10-Q,None
RevenueFromContractWithCustomerExcludingAssessedTax,2022-07-01,2022-09-30,127101000000,10-Q,None
RevenueFromContractWithCustomerExcludingAssessedTax,2022-07-01,2022-09-30,127101000000,10-Q,CY2022Q3
RevenueFromContractWithCustomerExcludingAssessedTax,2022-01-01,2022-12-31,513983000000,10-K,None
RevenueFromContractWithCustomerExcludingAssessedTax,2022-01-01,2022-12-31,513983000000,10-K,None
RevenueFromContractWithCustomerExcludingAssessedTax,2022-01-01,2022-12-31,513983000000,10-K,CY2022
RevenueFromContractWithCustomerExcludingAssessedTax,2023-01-01,2023-03-31,127358000000,10-Q,None
RevenueFromContractWithCustomerExcludingAssessedTax,2023-01-01,2023-03-31,127358000000,10-Q,CY2023Q1
RevenueFromContractWithCustomerExcludingAssessedTax,2023-01-01,2023-06-30,261741000000,10-Q,None
RevenueFromContractWithCustomerExcludingAssessedTax,2023-01-01,2023-06-30,261741000000,10-Q,None
RevenueFromContractWithCustomerExcludingAssessedTax,2023-04-01,2023-06-30,134383000000,10-Q,None
RevenueFromContractWithCustomerExcludingAssessedTax,2023-04-01,2023-06-30,134383000000,10-Q,CY2023Q2
RevenueFromContractWithCustomerExcludingAssessedTax,2023-01-01,2023-09-30,404824000000,10-Q,None
RevenueFromContractWithCustomerExcludingAssessedTax,2023-01-01,2023-09-30,404824000000,10-Q,None
RevenueFromContractWithCustomerExcludingAssessedTax,2023-07-01,2023-09-30,143083000000,10-Q,None
RevenueFromContractWithCustomerExcludingAssessedTax,2023-07-01,2023-09-30,143083000000,10-Q,CY2023Q3
RevenueFromContractWithCustomerExcludingAssessedTax,2023-01-01,2023-12-31,574785000000,10-K,None
RevenueFromContractWithCustomerExcludingAssessedTax,2023-01-01,2023-12-31,574785000000,10-K,None
RevenueFromContractWithCustomerExcludingAssessedTax,2023-01-01,2023-12-31,574785000000,10-K,CY2023
RevenueFromContractWithCustomerExcludingAssessedTax,2024-01-01,2024-03-31,143313000000,10-Q,None
RevenueFromContractWithCustomerExcludingAssessedTax,2024-01-01,2024-03-31,143313000000,10-Q,CY2024Q1
RevenueFromContractWithCustomerExcludingAssessedTax,2024-01-01,2024-06-30,291290000000,10-Q,None
RevenueFromContractWithCustomerExcludingAssessedTax,2024-01-01,2024-06-30,291290000000,10-Q,None
RevenueFromContractWithCustomerExcludingAssessedTax,2024-04-01,2024-06-30,147977000000,10-Q,None
RevenueFromContractWithCustomerExcludingAssessedTax,2024-04-01,2024-06-30,147977000000,10-Q,CY2024Q2
RevenueFromContractWithCustomerExcludingAssessedTax,2024-01-01,2024-09-30,450167000000,10-Q,None
RevenueFromContractWithCustomerExcludingAssessedTax,2024-01-01,2024-09-30,450167000000,10-Q,None
RevenueFromContractWithCustomerExcludingAssessedTax,2024-07-01,2024-09-30,158877000000,10-Q,None
RevenueFromContractWithCustomerExcludingAssessedTax,2024-07-01,2024-09-30,158877000000,10-Q,CY2024Q3
RevenueFromContractWithCustomerExcludingAssessedTax,2024-01-01,2024-12-31,637959000000,10-K,None
RevenueFromContractWithCustomerExcludingAssessedTax,2024-01-01,2024-12-31,637959000000,10-K,CY2024
RevenueFromContractWithCustomerExcludingAssessedTax,2025-01-01,2025-03-31,155667000000,10-Q,None
RevenueFromContractWithCustomerExcludingAssessedTax,2025-01-01,2025-03-31,155667000000,10-Q,CY2025Q1
RevenueFromContractWithCustomerExcludingAssessedTax,2025-01-01,2025-06-30,323369000000,10-Q,None
RevenueFromContractWithCustomerExcludingAssessedTax,2025-04-01,2025-06-30,167702000000,10-Q,CY2025Q2
RevenueFromContractWithCustomerExcludingAssessedTax,2025-01-01,2025-09-30,503538000000,10-Q,None
RevenueFromContractWithCustomerExcludingAssessedTax,2025-07-01,2025-09-30,180169000000,10-Q,CY2025Q3
RevenueFromContractWithCustomerExcludingAssessedTax,2025-01-01,2025-12-31,716924000000,10-K,CY2025
RevenueFromContractWithCustomerExcludingAssessedTax,2026-01-01,2026-03-31,181519000000,10-Q,CY2026Q1
ContractWithCustomerLiabilityRevenueRecognized,2018-01-01,2018-09-30,4900000000,10-Q,None
ContractWithCustomerLiabilityRevenueRecognized,2018-01-01,2018-12-31,5300000000,10-K,CY2018
ContractWithCustomerLiabilityRevenueRecognized,2019-01-01,2019-03-31,2800000000,10-Q,CY2019Q1
ContractWithCustomerLiabilityRevenueRecognized,2019-01-01,2019-06-30,4600000000,10-Q,None
ContractWithCustomerLiabilityRevenueRecognized,2019-01-01,2019-09-30,5700000000,10-Q,None
ContractWithCustomerLiabilityRevenueRecognized,2019-01-01,2019-12-31,6300000000,10-K,CY2019
ContractWithCustomerLiabilityRevenueRecognized,2020-01-01,2020-03-31,3400000000,10-Q,CY2020Q1
ContractWithCustomerLiabilityRevenueRecognized,2020-01-01,2020-06-30,5600000000,10-Q,None
ContractWithCustomerLiabilityRevenueRecognized,2020-01-01,2020-09-30,7100000000,10-Q,None
ContractWithCustomerLiabilityRevenueRecognized,2020-01-01,2020-12-31,7900000000,10-K,CY2020
ContractWithCustomerLiabilityRevenueRecognized,2021-01-01,2021-03-31,4200000000,10-Q,CY2021Q1
ContractWithCustomerLiabilityRevenueRecognized,2021-01-01,2021-06-30,6700000000,10-Q,None
ContractWithCustomerLiabilityRevenueRecognized,2021-01-01,2021-09-30,8400000000,10-Q,None
ContractWithCustomerLiabilityRevenueRecognized,2021-01-01,2021-12-31,9300000000,10-K,CY2021
ContractWithCustomerLiabilityRevenueRecognized,2022-01-01,2022-03-31,5100000000,10-Q,CY2022Q1
ContractWithCustomerLiabilityRevenueRecognized,2022-01-01,2022-06-30,8100000000,10-Q,None
ContractWithCustomerLiabilityRevenueRecognized,2022-01-01,2022-09-30,10100000000,10-Q,None
ContractWithCustomerLiabilityRevenueRecognized,2022-01-01,2022-12-31,11300000000,10-K,CY2022
ContractWithCustomerLiabilityRevenueRecognized,2023-01-01,2023-03-31,5300000000,10-Q,CY2023Q1
ContractWithCustomerLiabilityRevenueRecognized,2023-01-01,2023-06-30,8600000000,10-Q,None
ContractWithCustomerLiabilityRevenueRecognized,2023-01-01,2023-09-30,10900000000,10-Q,None
ContractWithCustomerLiabilityRevenueRecognized,2023-01-01,2023-12-31,12400000000,10-K,CY2023
ContractWithCustomerLiabilityRevenueRecognized,2024-01-01,2024-03-31,6100000000,10-Q,CY2024Q1
ContractWithCustomerLiabilityRevenueRecognized,2024-01-01,2024-06-30,9800000000,10-Q,None
ContractWithCustomerLiabilityRevenueRecognized,2024-01-01,2024-09-30,12500000000,10-Q,None
ContractWithCustomerLiabilityRevenueRecognized,2024-01-01,2024-12-31,14200000000,10-K,CY2024
ContractWithCustomerLiabilityRevenueRecognized,2025-01-01,2025-03-31,7000000000,10-Q,CY2025Q1
ContractWithCustomerLiabilityRevenueRecognized,2025-01-01,2025-06-30,11400000000,10-Q,None
ContractWithCustomerLiabilityRevenueRecognized,2025-01-01,2025-09-30,15000000000,10-Q,None
ContractWithCustomerLiabilityRevenueRecognized,2025-01-01,2025-12-31,17400000000,10-K,CY2025
ContractWithCustomerLiabilityRevenueRecognized,2026-01-01,2026-03-31,9400000000,10-Q,CY2026Q1
OperatingIncomeLoss,2007-01-01,2007-12-31,655000000,10-K,CY2007
OperatingIncomeLoss,2008-01-01,2008-06-30,415000000,10-Q,None
OperatingIncomeLoss,2008-04-01,2008-06-30,217000000,10-Q,CY2008Q2
OperatingIncomeLoss,2008-01-01,2008-09-30,569000000,10-Q,None
OperatingIncomeLoss,2008-07-01,2008-09-30,154000000,10-Q,CY2008Q3
OperatingIncomeLoss,2008-01-01,2008-12-31,842000000,10-K,None
OperatingIncomeLoss,2008-01-01,2008-12-31,842000000,10-K,CY2008
OperatingIncomeLoss,2009-01-01,2009-03-31,244000000,10-Q,CY2009Q1
OperatingIncomeLoss,2009-01-01,2009-06-30,402000000,10-Q,None
OperatingIncomeLoss,2009-01-01,2009-06-30,402000000,10-Q,None
OperatingIncomeLoss,2009-04-01,2009-06-30,159000000,10-Q,None
OperatingIncomeLoss,2009-04-01,2009-06-30,159000000,10-Q,CY2009Q2
OperatingIncomeLoss,2009-01-01,2009-09-30,653000000,10-Q,None
OperatingIncomeLoss,2009-01-01,2009-09-30,653000000,10-Q,None
OperatingIncomeLoss,2009-07-01,2009-09-30,251000000,10-Q,None
OperatingIncomeLoss,2009-07-01,2009-09-30,251000000,10-Q,CY2009Q3
OperatingIncomeLoss,2009-01-01,2009-12-31,1129000000,10-K,None
OperatingIncomeLoss,2009-01-01,2009-12-31,1129000000,10-K,None
OperatingIncomeLoss,2009-01-01,2009-12-31,1129000000,10-K,CY2009
OperatingIncomeLoss,2010-01-01,2010-03-31,394000000,10-Q,None
OperatingIncomeLoss,2010-01-01,2010-03-31,394000000,10-Q,CY2010Q1
OperatingIncomeLoss,2010-01-01,2010-06-30,665000000,10-Q,None
OperatingIncomeLoss,2010-01-01,2010-06-30,665000000,10-Q,None
OperatingIncomeLoss,2010-04-01,2010-06-30,270000000,10-Q,None
OperatingIncomeLoss,2010-04-01,2010-06-30,270000000,10-Q,CY2010Q2
OperatingIncomeLoss,2010-01-01,2010-09-30,932000000,10-Q,None
OperatingIncomeLoss,2010-01-01,2010-09-30,932000000,10-Q,None
OperatingIncomeLoss,2010-07-01,2010-09-30,268000000,10-Q,None
OperatingIncomeLoss,2010-07-01,2010-09-30,268000000,10-Q,CY2010Q3
OperatingIncomeLoss,2010-01-01,2010-12-31,1406000000,10-K,None
OperatingIncomeLoss,2010-01-01,2010-12-31,1406000000,10-K,None
OperatingIncomeLoss,2010-01-01,2010-12-31,1406000000,10-K,CY2010
OperatingIncomeLoss,2011-01-01,2011-03-31,322000000,10-Q,None
OperatingIncomeLoss,2011-01-01,2011-03-31,322000000,10-Q,CY2011Q1
OperatingIncomeLoss,2011-01-01,2011-06-30,523000000,10-Q,None
OperatingIncomeLoss,2011-01-01,2011-06-30,523000000,10-Q,None
OperatingIncomeLoss,2011-04-01,2011-06-30,201000000,10-Q,None
OperatingIncomeLoss,2011-04-01,2011-06-30,201000000,10-Q,CY2011Q2
OperatingIncomeLoss,2011-01-01,2011-09-30,602000000,10-Q,None
OperatingIncomeLoss,2011-01-01,2011-09-30,602000000,10-Q,None
OperatingIncomeLoss,2011-07-01,2011-09-30,79000000,10-Q,None
OperatingIncomeLoss,2011-07-01,2011-09-30,79000000,10-Q,CY2011Q3
OperatingIncomeLoss,2011-01-01,2011-12-31,862000000,10-K,None
OperatingIncomeLoss,2011-01-01,2011-12-31,862000000,10-K,None
OperatingIncomeLoss,2011-01-01,2011-12-31,862000000,10-K,CY2011
OperatingIncomeLoss,2012-01-01,2012-03-31,192000000,10-Q,None
OperatingIncomeLoss,2012-01-01,2012-03-31,192000000,10-Q,None
OperatingIncomeLoss,2012-01-01,2012-03-31,192000000,10-K,CY2012Q1
OperatingIncomeLoss,2012-01-01,2012-06-30,298000000,10-Q,None
OperatingIncomeLoss,2012-01-01,2012-06-30,298000000,10-Q,None
OperatingIncomeLoss,2012-04-01,2012-06-30,107000000,10-Q,None
OperatingIncomeLoss,2012-04-01,2012-06-30,107000000,10-Q,None
OperatingIncomeLoss,2012-04-01,2012-06-30,107000000,10-K,CY2012Q2
OperatingIncomeLoss,2012-01-01,2012-09-30,271000000,10-Q,None
OperatingIncomeLoss,2012-01-01,2012-09-30,271000000,10-Q,None
OperatingIncomeLoss,2012-07-01,2012-09-30,-28000000,10-Q,None
OperatingIncomeLoss,2012-07-01,2012-09-30,-28000000,10-Q,None
OperatingIncomeLoss,2012-07-01,2012-09-30,-28000000,10-K,CY2012Q3
OperatingIncomeLoss,2012-01-01,2012-12-31,676000000,10-K,None
OperatingIncomeLoss,2012-01-01,2012-12-31,676000000,10-K,None
OperatingIncomeLoss,2012-01-01,2012-12-31,676000000,10-K,CY2012
OperatingIncomeLoss,2012-10-01,2012-12-31,405000000,10-K,CY2012Q4
OperatingIncomeLoss,2013-01-01,2013-03-31,181000000,10-Q,None
OperatingIncomeLoss,2013-01-01,2013-03-31,181000000,10-K,None
OperatingIncomeLoss,2013-01-01,2013-03-31,181000000,10-Q,None
OperatingIncomeLoss,2013-01-01,2013-03-31,181000000,10-K,CY2013Q1
OperatingIncomeLoss,2013-01-01,2013-06-30,260000000,10-Q,None
OperatingIncomeLoss,2013-01-01,2013-06-30,260000000,10-Q,None
OperatingIncomeLoss,2013-04-01,2013-06-30,79000000,10-Q,None
OperatingIncomeLoss,2013-04-01,2013-06-30,79000000,10-K,None
OperatingIncomeLoss,2013-04-01,2013-06-30,79000000,10-Q,None
OperatingIncomeLoss,2013-04-01,2013-06-30,79000000,10-K,CY2013Q2
OperatingIncomeLoss,2013-01-01,2013-09-30,235000000,10-Q,None
OperatingIncomeLoss,2013-01-01,2013-09-30,235000000,10-Q,None
OperatingIncomeLoss,2013-07-01,2013-09-30,-25000000,10-Q,None
OperatingIncomeLoss,2013-07-01,2013-09-30,-25000000,10-K,None
OperatingIncomeLoss,2013-07-01,2013-09-30,-25000000,10-Q,None
OperatingIncomeLoss,2013-07-01,2013-09-30,-25000000,10-K,CY2013Q3
OperatingIncomeLoss,2013-01-01,2013-12-31,745000000,10-K,None
OperatingIncomeLoss,2013-01-01,2013-12-31,745000000,10-K,None
OperatingIncomeLoss,2013-01-01,2013-12-31,745000000,10-K,CY2013
OperatingIncomeLoss,2013-10-01,2013-12-31,510000000,10-K,None
OperatingIncomeLoss,2013-10-01,2013-12-31,510000000,10-K,CY2013Q4
OperatingIncomeLoss,2014-01-01,2014-03-31,146000000,10-Q,None
OperatingIncomeLoss,2014-01-01,2014-03-31,146000000,10-K,None
OperatingIncomeLoss,2014-01-01,2014-03-31,146000000,10-Q,None
OperatingIncomeLoss,2014-01-01,2014-03-31,146000000,10-K,CY2014Q1
OperatingIncomeLoss,2014-01-01,2014-06-30,132000000,10-Q,None
OperatingIncomeLoss,2014-01-01,2014-06-30,132000000,10-Q,None
OperatingIncomeLoss,2014-04-01,2014-06-30,-15000000,10-Q,None
OperatingIncomeLoss,2014-04-01,2014-06-30,-15000000,10-K,None
OperatingIncomeLoss,2014-04-01,2014-06-30,-15000000,10-Q,None
OperatingIncomeLoss,2014-04-01,2014-06-30,-15000000,10-K,CY2014Q2
OperatingIncomeLoss,2014-01-01,2014-09-30,-412000000,10-Q,None
OperatingIncomeLoss,2014-01-01,2014-09-30,-412000000,10-Q,None
OperatingIncomeLoss,2014-07-01,2014-09-30,-544000000,10-Q,None
OperatingIncomeLoss,2014-07-01,2014-09-30,-544000000,10-K,None
OperatingIncomeLoss,2014-07-01,2014-09-30,-544000000,10-Q,None
OperatingIncomeLoss,2014-07-01,2014-09-30,-544000000,10-K,CY2014Q3
OperatingIncomeLoss,2014-01-01,2014-12-31,178000000,10-K,None
OperatingIncomeLoss,2014-01-01,2014-12-31,178000000,10-K,None
OperatingIncomeLoss,2014-01-01,2014-12-31,178000000,10-K,CY2014
OperatingIncomeLoss,2014-10-01,2014-12-31,591000000,10-K,None
OperatingIncomeLoss,2014-10-01,2014-12-31,591000000,10-K,CY2014Q4
OperatingIncomeLoss,2015-01-01,2015-03-31,255000000,10-Q,None
OperatingIncomeLoss,2015-01-01,2015-03-31,255000000,10-K,None
OperatingIncomeLoss,2015-01-01,2015-03-31,255000000,10-Q,None
OperatingIncomeLoss,2015-01-01,2015-03-31,255000000,10-K,CY2015Q1
OperatingIncomeLoss,2015-01-01,2015-06-30,719000000,10-Q,None
OperatingIncomeLoss,2015-01-01,2015-06-30,719000000,10-Q,None
OperatingIncomeLoss,2015-04-01,2015-06-30,464000000,10-Q,None
OperatingIncomeLoss,2015-04-01,2015-06-30,464000000,10-K,None
OperatingIncomeLoss,2015-04-01,2015-06-30,464000000,10-Q,None
OperatingIncomeLoss,2015-04-01,2015-06-30,464000000,10-K,CY2015Q2
OperatingIncomeLoss,2015-01-01,2015-09-30,1124000000,10-Q,None
OperatingIncomeLoss,2015-01-01,2015-09-30,1124000000,10-Q,None
OperatingIncomeLoss,2015-07-01,2015-09-30,406000000,10-Q,None
OperatingIncomeLoss,2015-07-01,2015-09-30,406000000,10-K,None
OperatingIncomeLoss,2015-07-01,2015-09-30,406000000,10-Q,None
OperatingIncomeLoss,2015-07-01,2015-09-30,406000000,10-K,CY2015Q3
OperatingIncomeLoss,2015-01-01,2015-12-31,2233000000,10-K,None
OperatingIncomeLoss,2015-01-01,2015-12-31,2233000000,10-K,None
OperatingIncomeLoss,2015-01-01,2015-12-31,2233000000,10-K,CY2015
OperatingIncomeLoss,2015-10-01,2015-12-31,1108000000,10-K,None
OperatingIncomeLoss,2015-10-01,2015-12-31,1108000000,10-K,CY2015Q4
OperatingIncomeLoss,2016-01-01,2016-03-31,1071000000,10-Q,None
OperatingIncomeLoss,2016-01-01,2016-03-31,1071000000,10-K,None
OperatingIncomeLoss,2016-01-01,2016-03-31,1071000000,10-Q,None
OperatingIncomeLoss,2016-01-01,2016-03-31,1071000000,10-K,CY2016Q1
OperatingIncomeLoss,2016-01-01,2016-06-30,2356000000,10-Q,None
OperatingIncomeLoss,2016-01-01,2016-06-30,2356000000,10-Q,None
OperatingIncomeLoss,2016-04-01,2016-06-30,1285000000,10-Q,None
OperatingIncomeLoss,2016-04-01,2016-06-30,1285000000,10-K,None
OperatingIncomeLoss,2016-04-01,2016-06-30,1285000000,10-Q,None
OperatingIncomeLoss,2016-04-01,2016-06-30,1285000000,10-K,CY2016Q2
OperatingIncomeLoss,2016-01-01,2016-09-30,2931000000,10-Q,None
OperatingIncomeLoss,2016-01-01,2016-09-30,2931000000,10-Q,None
OperatingIncomeLoss,2016-07-01,2016-09-30,575000000,10-Q,None
OperatingIncomeLoss,2016-07-01,2016-09-30,575000000,10-K,None
OperatingIncomeLoss,2016-07-01,2016-09-30,575000000,10-Q,None
OperatingIncomeLoss,2016-07-01,2016-09-30,575000000,10-K,CY2016Q3
OperatingIncomeLoss,2016-01-01,2016-12-31,4186000000,10-K,None
OperatingIncomeLoss,2016-01-01,2016-12-31,4186000000,10-K,None
OperatingIncomeLoss,2016-01-01,2016-12-31,4186000000,10-K,CY2016
OperatingIncomeLoss,2016-10-01,2016-12-31,1255000000,10-K,None
OperatingIncomeLoss,2016-10-01,2016-12-31,1255000000,10-K,CY2016Q4
OperatingIncomeLoss,2017-01-01,2017-03-31,1005000000,10-Q,None
OperatingIncomeLoss,2017-01-01,2017-03-31,1005000000,10-K,None
OperatingIncomeLoss,2017-01-01,2017-03-31,1005000000,10-Q,None
OperatingIncomeLoss,2017-01-01,2017-03-31,1005000000,10-K,CY2017Q1
OperatingIncomeLoss,2017-01-01,2017-06-30,1632000000,10-Q,None
OperatingIncomeLoss,2017-01-01,2017-06-30,1632000000,10-Q,None
OperatingIncomeLoss,2017-04-01,2017-06-30,628000000,10-Q,None
OperatingIncomeLoss,2017-04-01,2017-06-30,628000000,10-K,None
OperatingIncomeLoss,2017-04-01,2017-06-30,628000000,10-Q,None
OperatingIncomeLoss,2017-04-01,2017-06-30,628000000,10-K,CY2017Q2
OperatingIncomeLoss,2017-01-01,2017-09-30,1979000000,10-Q,None
OperatingIncomeLoss,2017-01-01,2017-09-30,1979000000,10-Q,None
OperatingIncomeLoss,2017-07-01,2017-09-30,347000000,10-Q,None
OperatingIncomeLoss,2017-07-01,2017-09-30,347000000,10-K,None
OperatingIncomeLoss,2017-07-01,2017-09-30,347000000,10-Q,None
OperatingIncomeLoss,2017-07-01,2017-09-30,347000000,10-K,CY2017Q3
OperatingIncomeLoss,2017-01-01,2017-12-31,4106000000,10-K,None
OperatingIncomeLoss,2017-01-01,2017-12-31,4106000000,10-K,None
OperatingIncomeLoss,2017-01-01,2017-12-31,4106000000,10-K,CY2017
OperatingIncomeLoss,2017-10-01,2017-12-31,2127000000,10-K,None
OperatingIncomeLoss,2017-10-01,2017-12-31,2127000000,10-K,CY2017Q4
OperatingIncomeLoss,2018-01-01,2018-03-31,1927000000,10-Q,None
OperatingIncomeLoss,2018-01-01,2018-03-31,1927000000,10-K,None
OperatingIncomeLoss,2018-01-01,2018-03-31,1927000000,10-Q,None
OperatingIncomeLoss,2018-01-01,2018-03-31,1927000000,10-K,CY2018Q1
OperatingIncomeLoss,2018-01-01,2018-06-30,4911000000,10-Q,None
OperatingIncomeLoss,2018-01-01,2018-06-30,4911000000,10-Q,None
OperatingIncomeLoss,2018-04-01,2018-06-30,2983000000,10-Q,None
OperatingIncomeLoss,2018-04-01,2018-06-30,2983000000,10-K,None
OperatingIncomeLoss,2018-04-01,2018-06-30,2983000000,10-Q,None
OperatingIncomeLoss,2018-04-01,2018-06-30,2983000000,10-K,CY2018Q2
OperatingIncomeLoss,2018-01-01,2018-09-30,8635000000,10-Q,None
OperatingIncomeLoss,2018-01-01,2018-09-30,8635000000,10-Q,None
OperatingIncomeLoss,2018-07-01,2018-09-30,3724000000,10-Q,None
OperatingIncomeLoss,2018-07-01,2018-09-30,3724000000,10-K,None
OperatingIncomeLoss,2018-07-01,2018-09-30,3724000000,10-Q,None
OperatingIncomeLoss,2018-07-01,2018-09-30,3724000000,10-K,CY2018Q3
OperatingIncomeLoss,2018-01-01,2018-12-31,12421000000,10-K,None
OperatingIncomeLoss,2018-01-01,2018-12-31,12421000000,10-K,None
OperatingIncomeLoss,2018-01-01,2018-12-31,12421000000,10-K,CY2018
OperatingIncomeLoss,2018-10-01,2018-12-31,3786000000,10-K,None
OperatingIncomeLoss,2018-10-01,2018-12-31,3786000000,10-K,CY2018Q4
OperatingIncomeLoss,2019-01-01,2019-03-31,4420000000,10-Q,None
OperatingIncomeLoss,2019-01-01,2019-03-31,4420000000,10-K,None
OperatingIncomeLoss,2019-01-01,2019-03-31,4420000000,10-Q,None
OperatingIncomeLoss,2019-01-01,2019-03-31,4420000000,10-K,CY2019Q1
OperatingIncomeLoss,2019-01-01,2019-06-30,7504000000,10-Q,None
OperatingIncomeLoss,2019-01-01,2019-06-30,7504000000,10-Q,None
OperatingIncomeLoss,2019-04-01,2019-06-30,3084000000,10-Q,None
OperatingIncomeLoss,2019-04-01,2019-06-30,3084000000,10-K,None
OperatingIncomeLoss,2019-04-01,2019-06-30,3084000000,10-Q,None
OperatingIncomeLoss,2019-04-01,2019-06-30,3084000000,10-K,CY2019Q2
OperatingIncomeLoss,2019-01-01,2019-09-30,10662000000,10-Q,None
OperatingIncomeLoss,2019-01-01,2019-09-30,10662000000,10-Q,None
OperatingIncomeLoss,2019-07-01,2019-09-30,3157000000,10-Q,None
OperatingIncomeLoss,2019-07-01,2019-09-30,3157000000,10-K,None
OperatingIncomeLoss,2019-07-01,2019-09-30,3157000000,10-Q,None
OperatingIncomeLoss,2019-07-01,2019-09-30,3157000000,10-K,CY2019Q3
OperatingIncomeLoss,2019-01-01,2019-12-31,14541000000,10-K,None
OperatingIncomeLoss,2019-01-01,2019-12-31,14541000000,10-K,None
OperatingIncomeLoss,2019-01-01,2019-12-31,14541000000,10-K,CY2019
OperatingIncomeLoss,2019-10-01,2019-12-31,3879000000,10-K,None
OperatingIncomeLoss,2019-10-01,2019-12-31,3879000000,10-K,CY2019Q4
OperatingIncomeLoss,2020-01-01,2020-03-31,3989000000,10-Q,None
OperatingIncomeLoss,2020-01-01,2020-03-31,3989000000,10-K,None
OperatingIncomeLoss,2020-01-01,2020-03-31,3989000000,10-Q,CY2020Q1
OperatingIncomeLoss,2020-01-01,2020-06-30,9832000000,10-Q,None
OperatingIncomeLoss,2020-01-01,2020-06-30,9832000000,10-Q,None
OperatingIncomeLoss,2020-04-01,2020-06-30,5843000000,10-Q,None
OperatingIncomeLoss,2020-04-01,2020-06-30,5843000000,10-K,None
OperatingIncomeLoss,2020-04-01,2020-06-30,5843000000,10-Q,CY2020Q2
OperatingIncomeLoss,2020-01-01,2020-09-30,16026000000,10-Q,None
OperatingIncomeLoss,2020-01-01,2020-09-30,16026000000,10-Q,None
OperatingIncomeLoss,2020-07-01,2020-09-30,6194000000,10-Q,None
OperatingIncomeLoss,2020-07-01,2020-09-30,6194000000,10-K,None
OperatingIncomeLoss,2020-07-01,2020-09-30,6194000000,10-Q,CY2020Q3
OperatingIncomeLoss,2020-01-01,2020-12-31,22899000000,10-K,None
OperatingIncomeLoss,2020-01-01,2020-12-31,22899000000,10-K,None
OperatingIncomeLoss,2020-01-01,2020-12-31,22899000000,10-K,CY2020
OperatingIncomeLoss,2020-10-01,2020-12-31,6873000000,10-K,CY2020Q4
OperatingIncomeLoss,2021-01-01,2021-03-31,8865000000,10-Q,None
OperatingIncomeLoss,2021-01-01,2021-03-31,8865000000,10-Q,CY2021Q1
OperatingIncomeLoss,2021-01-01,2021-06-30,16567000000,10-Q,None
OperatingIncomeLoss,2021-01-01,2021-06-30,16567000000,10-Q,None
OperatingIncomeLoss,2021-04-01,2021-06-30,7702000000,10-Q,None
OperatingIncomeLoss,2021-04-01,2021-06-30,7702000000,10-Q,CY2021Q2
OperatingIncomeLoss,2021-01-01,2021-09-30,21419000000,10-Q,None
OperatingIncomeLoss,2021-01-01,2021-09-30,21419000000,10-Q,None
OperatingIncomeLoss,2021-07-01,2021-09-30,4852000000,10-Q,None
OperatingIncomeLoss,2021-07-01,2021-09-30,4852000000,10-Q,CY2021Q3
OperatingIncomeLoss,2021-01-01,2021-12-31,24879000000,10-K,None
OperatingIncomeLoss,2021-01-01,2021-12-31,24879000000,10-K,None
OperatingIncomeLoss,2021-01-01,2021-12-31,24879000000,10-K,CY2021
OperatingIncomeLoss,2022-01-01,2022-03-31,3669000000,10-Q,None
OperatingIncomeLoss,2022-01-01,2022-03-31,3669000000,10-Q,CY2022Q1
OperatingIncomeLoss,2022-01-01,2022-06-30,6986000000,10-Q,None
OperatingIncomeLoss,2022-01-01,2022-06-30,6986000000,10-Q,None
OperatingIncomeLoss,2022-04-01,2022-06-30,3317000000,10-Q,None
OperatingIncomeLoss,2022-04-01,2022-06-30,3317000000,10-Q,CY2022Q2
OperatingIncomeLoss,2022-01-01,2022-09-30,9511000000,10-Q,None
OperatingIncomeLoss,2022-01-01,2022-09-30,9511000000,10-Q,None
OperatingIncomeLoss,2022-07-01,2022-09-30,2525000000,10-Q,None
OperatingIncomeLoss,2022-07-01,2022-09-30,2525000000,10-Q,CY2022Q3
OperatingIncomeLoss,2022-01-01,2022-12-31,12248000000,10-K,None
OperatingIncomeLoss,2022-01-01,2022-12-31,12248000000,10-K,None
OperatingIncomeLoss,2022-01-01,2022-12-31,12248000000,10-K,CY2022
OperatingIncomeLoss,2023-01-01,2023-03-31,4774000000,10-Q,None
OperatingIncomeLoss,2023-01-01,2023-03-31,4774000000,10-Q,CY2023Q1
OperatingIncomeLoss,2023-01-01,2023-06-30,12455000000,10-Q,None
OperatingIncomeLoss,2023-01-01,2023-06-30,12455000000,10-Q,None
OperatingIncomeLoss,2023-04-01,2023-06-30,7681000000,10-Q,None
OperatingIncomeLoss,2023-04-01,2023-06-30,7681000000,10-Q,CY2023Q2
OperatingIncomeLoss,2023-01-01,2023-09-30,23643000000,10-Q,None
OperatingIncomeLoss,2023-01-01,2023-09-30,23643000000,10-Q,None
OperatingIncomeLoss,2023-07-01,2023-09-30,11188000000,10-Q,None
OperatingIncomeLoss,2023-07-01,2023-09-30,11188000000,10-Q,CY2023Q3
OperatingIncomeLoss,2023-01-01,2023-12-31,36852000000,10-K,None
OperatingIncomeLoss,2023-01-01,2023-12-31,36852000000,10-K,None
OperatingIncomeLoss,2023-01-01,2023-12-31,36852000000,10-K,CY2023
OperatingIncomeLoss,2024-01-01,2024-03-31,15307000000,10-Q,None
OperatingIncomeLoss,2024-01-01,2024-03-31,15307000000,10-Q,CY2024Q1
OperatingIncomeLoss,2024-01-01,2024-06-30,29979000000,10-Q,None
OperatingIncomeLoss,2024-01-01,2024-06-30,29979000000,10-Q,None
OperatingIncomeLoss,2024-04-01,2024-06-30,14672000000,10-Q,None
OperatingIncomeLoss,2024-04-01,2024-06-30,14672000000,10-Q,CY2024Q2
OperatingIncomeLoss,2024-01-01,2024-09-30,47390000000,10-Q,None
OperatingIncomeLoss,2024-01-01,2024-09-30,47390000000,10-Q,None
OperatingIncomeLoss,2024-07-01,2024-09-30,17411000000,10-Q,None
OperatingIncomeLoss,2024-07-01,2024-09-30,17411000000,10-Q,CY2024Q3
OperatingIncomeLoss,2024-01-01,2024-12-31,68593000000,10-K,None
OperatingIncomeLoss,2024-01-01,2024-12-31,68593000000,10-K,CY2024
OperatingIncomeLoss,2025-01-01,2025-03-31,18405000000,10-Q,None
OperatingIncomeLoss,2025-01-01,2025-03-31,18405000000,10-Q,CY2025Q1
OperatingIncomeLoss,2025-01-01,2025-06-30,37576000000,10-Q,None
OperatingIncomeLoss,2025-04-01,2025-06-30,19171000000,10-Q,CY2025Q2
OperatingIncomeLoss,2025-01-01,2025-09-30,54998000000,10-Q,None
OperatingIncomeLoss,2025-07-01,2025-09-30,17422000000,10-Q,CY2025Q3
OperatingIncomeLoss,2025-01-01,2025-12-31,79975000000,10-K,CY2025
OperatingIncomeLoss,2026-01-01,2026-03-31,23852000000,10-Q,CY2026Q1
