Date,NASDAQNDXT,VIXCLS,VXAZN,^VXN,^VIX3M
2011-01-10,1430.38,17.54,38.45,18.670000076293945,20.479999542236328
2011-01-17,1476.97,15.46,36.18,16.489999771118164,18.3700008392334
2011-01-24,1453.99,17.65,42.98,18.829999923706055,19.579999923706055
2011-01-31,1436.04,19.53,34.06,21.790000915527344,20.149999618530273
2011-02-07,1495.2,16.28,30.37,18.219999313354492,18.260000228881836
2011-02-14,1510.1,15.95,32.69,17.459999084472656,17.940000534057617
2011-02-21,1526.59,16.43,31.35,17.899999618530273,18.899999618530273
2011-02-28,1480.11,18.35,35.13,20.549999237060547,20.0
2011-03-07,1456.03,20.66,36.38,23.219999313354492,21.850000381469727
2011-03-14,1414.98,21.13,36.59,23.100000381469727,22.489999771118164
2011-03-21,1403.77,20.61,34.07,23.81999969482422,21.950000762939453
2011-03-28,1434.68,19.44,34.24,22.229999542236328,20.860000610351562
2011-04-04,1445.25,17.5,35.88,20.049999237060547,19.389999389648438
2011-04-11,1440.4,16.59,37.55,19.09000015258789,20.010000228881836
2011-04-18,1422.89,16.96,36.93,18.469999313354492,19.920000076293945
2011-04-25,1483.26,15.77,38.23,17.219999313354492,18.549999237060547
2011-05-02,1487.58,15.99,32.01,18.1299991607666,18.389999389648438
2011-05-09,1482.08,17.16,32.14,18.3799991607666,19.200000762939453
2011-05-16,1446.99,18.24,34.31,19.5,19.8700008392334
2011-05-23,1429.69,18.27,32.46,19.209999084472656,19.790000915527344
2011-05-30,1453.38,15.98,29.2,16.8700008392334,18.1299991607666
2011-06-06,1396.78,18.49,32.88,19.579999923706055,19.959999084472656
2011-06-13,1350.54,19.61,31.33,20.219999313354492,20.440000534057617
2011-06-20,1318.59,19.99,35.01,22.06999969482422,21.219999313354492
2011-06-27,1349.49,20.56,36.65,21.959999084472656,21.5
2011-07-04,1416.99,15.87,33.17,17.3700008392334,17.93000030517578
2011-07-11,1400.53,18.39,38.52,20.219999313354492,19.979999542236328
2011-07-18,1352.1,20.95,39.99,22.479999542236328,21.84000015258789
2011-07-25,1383.48,19.35,43.01,20.950000762939453,20.260000228881836
2011-08-01,1324.59,23.66,35.38,24.260000228881836,22.3799991607666
2011-08-08,1144.15,48.0,59.21,44.7400016784668,38.099998474121094
2011-08-15,1243.4,31.87,46.7,30.440000534057617,30.079999923706055
2011-08-22,1130.05,42.44,60.53,42.029998779296875,38.2599983215332
2011-08-29,1236.03,32.28,48.84,32.11000061035156,31.979999542236328
2011-09-05,1188.59,33.92,48.86,33.0,33.790000915527344
2011-09-12,1221.02,38.59,52.89,37.970001220703125,37.060001373291016
2011-09-19,1269.57,32.73,48.91,31.420000076293945,33.810001373291016
2011-09-26,1226.7,39.02,57.6,39.2400016784668,38.029998779296875
2011-10-03,1136.11,45.45,66.06,46.61000061035156,43.380001068115234
2011-10-10,1274.06,33.02,53.86,34.47999954223633,34.790000915527344
2011-10-17,1296.14,33.39,55.39,32.91999816894531,33.599998474121094
2011-10-24,1348.26,29.26,50.37,28.450000762939453,30.469999313354492
2011-10-31,1355.84,29.96,42.74,28.81999969482422,30.3700008392334
2011-11-07,1378.72,29.85,42.72,28.829999923706055,31.3799991607666
2011-11-14,1364.36,31.13,41.94,30.729999542236328,32.720001220703125
2011-11-21,1280.94,32.91,50.92,32.93000030517578,34.779998779296875
2011-11-28,1273.84,32.13,50.54,31.559999465942383,33.939998626708984
2011-12-05,1344.98,27.84,44.6,27.889999389648438,29.899999618530273
2011-12-12,1311.99,25.67,42.0,24.559999465942383,30.170000076293945
2011-12-19,1243.04,24.92,41.7,24.149999618530273,28.739999771118164
2011-12-26,1309.2,20.73,39.43,21.3700008392334,25.219999313354492
2012-01-02,1300.56,23.4,45.12,23.1299991607666,26.860000610351562
2012-01-09,1343.23,21.07,46.4,21.219999313354492,24.1200008392334
2012-01-16,1350.2,20.91,46.91,21.3799991607666,24.670000076293945
2012-01-23,1409.03,18.67,43.27,19.420000076293945,22.31999969482422
2012-01-30,1421.36,19.4,50.75,19.75,21.920000076293945
2012-02-06,1473.2,17.76,33.35,18.649999618530273,20.389999389648438
2012-02-13,1482.33,19.04,34.17,19.600000381469727,22.1200008392334
2012-02-20,1500.22,17.78,35.71,19.760000228881836,22.389999389648438
2012-02-27,1496.08,18.19,33.45,19.420000076293945,21.8700008392334
2012-03-05,1468.89,18.05,35.01,19.56999969482422,21.989999771118164
2012-03-12,1488.98,15.64,27.85,16.709999084472656,20.809999465942383
2012-03-19,1536.53,15.04,28.27,16.549999237060547,19.940000534057617
2012-03-26,1554.44,14.26,34.74,15.920000076293945,17.43000030517578
2012-04-02,1554.14,15.64,38.47,16.700000762939453,18.459999084472656
2012-04-09,1494.58,18.81,41.57,20.18000030517578,21.209999084472656
2012-04-16,1476.64,19.55,44.6,22.56999969482422,22.040000915527344
2012-04-23,1448.32,18.97,44.52,21.309999465942383,21.389999389648438
2012-04-30,1476.82,17.15,36.42,18.770000457763672,19.31999969482422
2012-05-07,1413.37,18.94,35.76,21.059999465942383,20.450000762939453
2012-05-14,1384.36,21.87,38.78,23.479999542236328,22.969999313354492
2012-05-21,1343.87,22.01,40.42,24.299999237060547,24.709999084472656
2012-05-28,1324.31,21.76,38.82,23.989999771118164,24.93000030517578
2012-06-04,1272.14,26.12,42.91,28.170000076293945,28.1200008392334
2012-06-11,1306.22,23.56,35.77,24.600000381469727,25.5
2012-06-18,1350.6,18.32,31.05,19.639999389648438,22.1299991607666
2012-06-25,1301.43,20.38,34.13,21.280000686645508,23.030000686645508
2012-07-02,1349.75,16.8,37.54,18.549999237060547,19.790000915527344
2012-07-09,1310.58,17.98,39.92,19.600000381469727,20.3700008392334
2012-07-16,1275.85,17.11,43.07,19.540000915527344,19.610000610351562
2012-07-23,1290.69,18.62,47.07,20.610000610351562,21.18000030517578
2012-07-30,1346.78,18.03,33.84,19.739999771118164,20.1299991607666
2012-08-06,1382.23,15.95,31.26,17.56999969482422,18.739999771118164
2012-08-13,1411.5,13.7,26.15,14.479999542236328,18.06999969482422
2012-08-20,1422.98,14.02,26.27,14.619999885559082,18.59000015258789
2012-08-27,1398.81,16.35,30.82,17.190000534057617,19.920000076293945
2012-09-03,1388.21,17.47,31.03,18.350000381469727,20.6200008392334
2012-09-10,1401.65,16.28,31.2,17.799999237060547,18.299999237060547
2012-09-17,1426.67,14.59,29.18,15.789999961853027,17.1299991607666
2012-09-24,1403.26,14.15,30.74,15.34000015258789,16.59000015258789
2012-10-01,1389.78,16.32,35.52,17.75,17.920000076293945
2012-10-08,1385.87,15.11,38.05,17.520000457763672,17.360000610351562
2012-10-15,1353.63,15.27,43.37,17.549999237060547,17.110000610351562
2012-10-22,1328.42,16.62,47.56,19.200000762939453,17.8700008392334
2012-10-29,1319.08,17.81,33.52,19.579999923706055,19.020000457763672
2012-11-05,1347.73,18.42,32.85,19.540000915527344,18.969999313354492
2012-11-12,1312.97,16.68,32.28,18.6200008392334,19.149999618530273
2012-11-19,1310.74,15.24,30.52,15.920000076293945,17.59000015258789
2012-11-26,1346.5,15.5,31.87,16.809999465942383,17.309999465942383
2012-12-03,1349.78,16.64,30.94,17.690000534057617,17.81999969482422
2012-12-10,1386.35,16.05,31.96,18.739999771118164,17.350000381469727
2012-12-17,1399.66,16.34,31.05,19.469999313354492,17.5
2012-12-24,1394.21,17.84,28.69,20.149999618530273,18.8700008392334
2012-12-31,1394.75,18.02,40.45,20.559999465942383,18.729999542236328
2013-01-07,1437.27,13.79,39.33,16.549999237060547,16.450000762939453
2013-01-14,1459.34,13.52,41.18,16.1299991607666,16.290000915527344
2013-01-21,1477.7,12.46,37.77,14.170000076293945,15.289999961853027
2013-01-28,1505.43,13.57,44.64,14.390000343322754,15.069999694824219
2013-02-04,1484.96,14.67,30.93,15.729999542236328,15.789999961853027
2013-02-11,1498.48,12.94,30.78,14.109999656677246,14.680000305175781
2013-02-18,1506.31,12.46,28.72,13.470000267028809,14.260000228881836
2013-02-25,1457.74,18.99,34.25,19.350000381469727,17.940000534057617
2013-03-04,1493.49,14.01,30.25,15.390000343322754,15.420000076293945
2013-03-11,1525.94,11.56,21.4,12.40999984741211,14.300000190734863
2013-03-18,1503.1,13.36,25.76,13.6899995803833,15.390000343322754
2013-03-25,1499.32,13.74,29.74,14.350000381469727,15.300000190734863
2013-04-01,1506.74,13.58,32.59,14.479999542236328,15.279999732971191
2013-04-08,1486.31,13.19,35.41,14.890000343322754,14.710000038146973
2013-04-15,1488.59,17.27,40.8,17.15999984741211,17.030000686645508
2013-04-22,1468.74,14.39,43.22,16.1299991607666,15.65999984741211
2013-04-29,1518.57,13.71,30.98,15.319999694824219,14.920000076293945
2013-05-06,1553.78,12.66,28.86,14.600000381469727,14.3100004196167
2013-05-13,1559.13,12.55,26.48,14.59000015258789,15.050000190734863
2013-05-20,1587.7,13.02,27.27,13.529999732971191,15.3100004196167
2013-05-27,1560.84,13.99,26.64,14.479999542236328,15.920000076293945
2013-06-03,1576.36,16.28,28.96,16.790000915527344,17.219999313354492
2013-06-10,1581.86,15.44,29.47,15.859999656677246,16.729999542236328
2013-06-17,1576.45,16.8,28.25,16.950000762939453,17.989999771118164
2013-06-24,1512.21,20.11,32.09,19.829999923706055,20.729999542236328
2013-07-01,1558.29,16.37,33.54,16.15999984741211,17.920000076293945
2013-07-08,1565.56,14.78,35.53,14.770000457763672,16.40999984741211
2013-07-15,1635.57,13.79,39.06,14.029999732971191,15.619999885559082
2013-07-22,1639.51,12.29,37.08,13.390000343322754,14.6899995803833
2013-07-29,1633.62,13.39,26.5,13.649999618530273,15.109999656677246
2013-08-05,1688.57,11.84,25.33,12.829999923706055,13.859999656677246
2013-08-12,1689.25,12.81,24.01,12.859999656677246,15.170000076293945
2013-08-19,1643.23,15.1,25.63,15.529999732971191,16.399999618530273
2013-08-26,1667.07,14.99,26.32,15.319999694824219,16.209999084472656
2013-09-02,1643.54,17.01,27.45,17.530000686645508,18.049999237060547
2013-09-09,1704.74,15.63,26.75,16.15999984741211,16.829999923706055
2013-09-16,1728.25,14.38,23.57,15.15999984741211,15.579999923706055
2013-09-23,1745.2,14.31,28.6,14.640000343322754,15.920000076293945
2013-09-30,1750.28,16.6,32.63,16.729999542236328,16.799999237060547
2013-10-07,1758.37,19.41,37.02,19.84000015258789,19.06999969482422
2013-10-14,1773.87,16.07,39.36,17.469999313354492,16.920000076293945
2013-10-21,1805.33,13.16,39.01,14.399999618530273,15.140000343322754
2013-10-28,1773.16,13.31,30.0,14.970000267028809,14.869999885559082
2013-11-04,1779.57,12.93,28.46,14.369999885559082,14.680000305175781
2013-11-11,1782.0,12.53,28.38,14.369999885559082,14.729999542236328
2013-11-18,1801.26,13.1,28.05,14.369999885559082,14.930000305175781
2013-11-25,1798.16,12.79,28.75,13.739999771118164,14.430000305175781
2013-12-02,1810.8,14.23,30.58,14.8100004196167,15.1899995803833
2013-12-09,1839.42,13.49,27.82,14.800000190734863,14.930000305175781
2013-12-16,1833.33,16.03,30.25,16.540000915527344,16.389999389648438
2013-12-23,1890.34,13.04,32.17,14.109999656677246,14.520000457763672
2013-12-30,1899.7,13.56,35.01,15.15999984741211,14.770000457763672
2014-01-06,1876.46,13.55,35.95,15.819999694824219,14.819999694824219
2014-01-13,1879.88,13.28,38.71,15.050000190734863,14.979999542236328
2014-01-20,1933.06,12.44,37.46,14.199999809265137,14.630000114440918
2014-01-27,1886.0,17.42,40.2,18.8700008392334,17.1299991607666
2014-02-03,1849.97,21.44,35.88,21.440000534057617,20.139999389648438
2014-02-10,1933.09,15.26,29.61,16.530000686645508,16.31999969482422
2014-02-17,1999.86,13.57,28.41,14.800000190734863,15.170000076293945
2014-02-24,2025.23,14.23,25.97,15.239999771118164,15.5
2014-03-03,2008.9,16.0,29.28,16.850000381469727,16.920000076293945
2014-03-10,2029.77,14.2,26.23,15.520000457763672,15.970000267028809
2014-03-17,2007.64,15.64,24.93,17.469999313354492,16.690000534057617
2014-03-24,2008.89,15.09,31.87,18.1200008392334,16.100000381469727
2014-03-31,2015.95,13.88,37.02,18.1200008392334,15.079999923706055
2014-04-07,1956.66,15.57,45.3,20.049999237060547,15.899999618530273
2014-04-14,1939.74,16.11,49.4,21.770000457763672,16.3700008392334
2014-04-21,1994.72,13.25,42.97,18.530000686645508,14.75
2014-04-28,1940.98,13.97,37.0,18.739999771118164,14.930000305175781
2014-05-05,1976.68,13.29,30.01,16.780000686645508,14.75
2014-05-12,1992.09,12.23,29.72,15.489999771118164,13.880000114440918
2014-05-19,1999.23,12.42,28.82,15.100000381469727,14.109999656677246
2014-05-26,2033.28,11.36,25.98,13.449999809265137,13.619999885559082
2014-06-02,2063.91,11.58,27.06,14.329999923706055,13.880000114440918
2014-06-09,2106.36,11.15,30.34,13.789999961853027,13.020000457763672
2014-06-16,2123.35,12.65,29.05,13.699999809265137,13.970000267028809
2014-06-23,2137.5,10.98,29.46,12.300000190734863,12.920000076293945
2014-06-30,2153.07,11.57,33.06,12.210000038146973,13.010000228881836
2014-07-07,2180.16,11.33,34.72,12.4399995803833,12.869999885559082
2014-07-14,2174.79,11.82,38.21,13.59000015258789,12.930000305175781
2014-07-21,2176.02,12.81,37.75,14.170000076293945,13.800000190734863
2014-07-28,2175.84,12.56,28.06,13.84000015258789,13.920000076293945
2014-08-04,2143.72,15.12,29.31,16.079999923706055,15.8100004196167
2014-08-11,2143.83,14.23,25.79,15.270000457763672,15.760000228881836
2014-08-18,2189.76,12.32,24.18,12.850000381469727,13.90999984741211
2014-08-25,2210.49,11.7,23.51,12.449999809265137,13.569999694824219
2014-09-01,2226.98,11.98,22.52,12.710000038146973,14.260000228881836
2014-09-08,2263.45,12.66,25.87,13.65999984741211,14.390000343322754
2014-09-15,2216.15,14.12,29.65,16.190000534057617,15.579999923706055
2014-09-22,2223.15,13.69,30.33,15.510000228881836,15.260000228881836
2014-09-29,2221.88,15.98,32.47,18.030000686645508,16.81999969482422
2014-10-06,2174.07,15.46,34.25,17.979999542236328,16.549999237060547
2014-10-13,2001.32,24.64,47.63,25.719999313354492,22.1200008392334
2014-10-20,2069.32,18.57,44.65,20.31999969482422,19.670000076293945
2014-10-27,2173.58,16.04,28.64,17.940000534057617,17.860000610351562
2014-11-03,2272.79,14.73,26.64,16.420000076293945,16.809999465942383
2014-11-10,2293.79,12.67,27.01,14.300000190734863,15.039999961853027
2014-11-17,2310.62,13.99,30.63,15.529999732971191,15.930000305175781
2014-11-24,2361.41,12.62,28.57,14.25,15.550000190734863
2014-12-01,2368.63,14.29,30.96,16.56999969482422,16.65999984741211
2014-12-08,2384.72,14.21,34.01,16.030000686645508,16.780000686645508
2014-12-15,2313.21,20.42,38.71,22.079999923706055,21.059999465942383
2014-12-22,2412.14,15.25,35.01,16.559999465942383,17.59000015258789
2014-12-29,2405.17,15.06,37.79,16.799999237060547,17.270000457763672
2015-01-05,2327.11,19.92,42.7,20.719999313354492,20.790000915527344
2015-01-12,2314.4,19.6,46.82,19.8700008392334,20.479999542236328
2015-01-19,2292.43,20.95,45.56,21.219999313354492,21.149999618530273
2015-01-26,2333.05,15.52,44.98,16.969999313354492,18.030000686645508
2015-02-02,2243.15,19.43,31.59,20.790000915527344,20.90999984741211
2015-02-09,2281.18,18.55,28.29,19.1200008392334,20.670000076293945
2015-02-16,2394.36,14.69,26.02,15.149999618530273,18.1299991607666
2015-02-23,2403.95,14.56,25.57,14.869999885559082,17.540000915527344
2015-03-02,2450.27,13.04,25.79,14.270000457763672,16.459999084472656
2015-03-09,2389.56,15.06,26.73,16.440000534057617,17.309999465942383
2015-03-16,2384.35,15.61,26.84,16.90999984741211,17.399999618530273
2015-03-23,2418.34,13.41,27.39,14.4399995803833,16.530000686645508
2015-03-30,2378.89,14.51,32.08,16.059999465942383,16.920000076293945
2015-04-06,2355.06,14.74,36.34,16.579999923706055,16.81999969482422
2015-04-13,2388.12,13.94,40.76,15.449999809265137,16.31999969482422
2015-04-20,2394.46,13.3,42.88,14.859999656677246,15.579999923706055
2015-04-27,2408.55,13.12,24.91,15.180000305175781,15.930000305175781
2015-05-04,2410.85,12.85,24.5,15.149999618530273,15.430000305175781
2015-05-11,2387.7,13.85,24.31,15.5600004196167,16.100000381469727
2015-05-18,2425.36,12.73,23.29,13.949999809265137,15.229999542236328
2015-05-25,2427.45,12.13,22.4,13.229999542236328,14.479999542236328
2015-06-01,2460.12,13.97,23.37,14.979999542236328,15.40999984741211
2015-06-08,2391.11,15.29,24.29,16.940000534057617,16.600000381469727
2015-06-15,2385.13,15.39,22.42,16.34000015258789,16.6200008392334
2015-06-22,2431.1,12.74,23.25,13.829999923706055,14.989999771118164
2015-06-29,2299.47,18.85,32.3,19.809999465942383,18.719999313354492
2015-07-06,2286.32,17.01,34.3,17.90999984741211,18.040000915527344
2015-07-13,2294.04,13.9,39.79,15.020000457763672,15.9399995803833
2015-07-20,2314.05,12.25,45.64,14.029999732971191,14.850000381469727
2015-07-27,2257.47,15.6,29.22,17.489999771118164,16.780000686645508
2015-08-03,2297.1,12.56,26.03,15.180000305175781,14.84000015258789
2015-08-10,2334.93,12.23,26.48,15.869999885559082,14.989999771118164
2015-08-17,2305.49,13.02,26.45,15.550000190734863,15.210000038146973
2015-08-24,2050.42,40.74,52.17,42.95000076293945,31.139999389648438
2015-08-31,2168.15,28.43,37.28,29.920000076293945,26.530000686645508
2015-09-07,2118.1,27.8,41.81,28.920000076293945,28.06999969482422
2015-09-14,2178.47,24.25,36.44,25.440000534057617,23.700000762939453
2015-09-21,2173.36,20.14,34.26,22.5,21.59000015258789
2015-09-28,2067.89,27.63,48.23,28.989999771118164,26.3799991607666
2015-10-05,2206.21,19.54,44.03,22.81999969482422,21.329999923706055
2015-10-12,2256.49,16.17,49.64,19.010000228881836,19.260000228881836
2015-10-19,2287.66,14.98,44.46,16.860000610351562,17.860000610351562
2015-10-26,2353.61,15.29,25.03,17.75,17.989999771118164
2015-11-02,2366.45,14.15,25.75,16.559999465942383,17.420000076293945
2015-11-09,2362.5,16.52,30.59,18.030000686645508,18.850000381469727
2015-11-16,2301.11,18.16,33.49,18.790000915527344,19.979999542236328
2015-11-23,2332.76,15.62,30.16,17.309999465942383,18.6299991607666
2015-11-30,2373.34,16.13,32.29,18.100000381469727,18.489999771118164
2015-12-07,2380.51,15.84,30.26,17.600000381469727,18.649999618530273
2015-12-14,2297.39,22.73,33.96,23.110000610351562,23.299999237060547
2015-12-21,2305.29,18.7,33.63,20.219999313354492,21.110000610351562
2015-12-28,2335.38,16.91,34.8,18.8700008392334,19.68000030517578
2016-01-04,2277.96,20.7,45.12,22.420000076293945,22.010000228881836
2016-01-11,2119.08,24.3,50.17,26.40999984741211,24.729999542236328
2016-01-18,2039.41,27.02,52.62,29.1299991607666,26.8799991607666
2016-01-25,2044.64,24.15,50.28,27.540000915527344,25.25
2016-02-01,2145.44,19.98,34.63,23.059999465942383,22.010000228881836
2016-02-08,1979.72,26.0,48.3,31.459999084472656,25.979999542236328
2016-02-15,2012.88,25.4,39.69,29.739999771118164,26.229999542236328
2016-02-22,2153.58,19.38,34.27,23.809999465942383,21.6200008392334
2016-02-29,2153.02,20.55,34.63,23.549999237060547,22.389999389648438
2016-03-07,2248.2,17.35,34.31,21.610000610351562,19.899999618530273
2016-03-14,2269.1,16.92,29.75,19.56999969482422,19.420000076293945
2016-03-21,2330.33,13.79,32.42,17.170000076293945,17.59000015258789
2016-03-28,2294.6,15.24,35.6,18.389999389648438,18.299999237060547
2016-04-04,2338.45,14.12,38.25,16.850000381469727,17.229999542236328
2016-04-11,2305.32,16.26,47.83,18.59000015258789,18.889999389648438
2016-04-18,2319.27,13.35,41.69,16.040000915527344,16.510000228881836
2016-04-25,2293.73,14.08,41.43,17.209999084472656,17.219999313354492
2016-05-02,2235.43,14.68,26.44,18.280000686645508,17.780000686645508
2016-05-09,2196.94,14.57,26.56,17.3799991607666,18.049999237060547
2016-05-16,2236.96,14.68,26.61,16.3700008392334,17.700000762939453
2016-05-23,2288.61,15.82,25.42,16.850000381469727,18.149999618530273
2016-05-30,2382.71,13.12,23.04,14.550000190734863,16.309999465942383
2016-06-06,2383.75,13.65,24.27,15.25,16.440000534057617
2016-06-13,2343.4,20.97,26.09,20.610000610351562,21.8700008392334
2016-06-20,2361.17,18.37,27.3,19.309999465942383,19.809999465942383
2016-06-27,2217.97,23.85,36.7,24.389999389648438,23.68000030517578
2016-07-04,2350.32,14.77,34.1,16.829999923706055,17.649999618530273
2016-07-11,2420.06,13.54,39.94,15.109999656677246,16.489999771118164
2016-07-18,2490.51,12.44,37.79,14.710000038146973,15.770000457763672
2016-07-25,2519.46,12.87,36.88,15.600000381469727,16.270000457763672
2016-08-01,2549.33,12.44,20.36,14.520000457763672,15.699999809265137
2016-08-08,2576.27,11.5,19.14,14.0600004196167,15.15999984741211
2016-08-15,2633.1,11.81,18.63,14.010000228881836,15.380000114440918
2016-08-22,2660.8,12.27,18.48,14.0,15.5
2016-08-29,2694.05,12.94,20.0,15.0,15.930000305175781
2016-09-05,2700.52,11.98,18.74,14.319999694824219,15.649999618530273
2016-09-12,2678.85,15.16,11.61,15.3100004196167,17.270000457763672
2016-09-19,2704.79,15.53,19.08,16.110000610351562,17.780000686645508
2016-09-26,2709.64,14.5,24.87,16.440000534057617,17.280000686645508
2016-10-03,2770.52,13.57,28.32,15.859999656677246,16.399999618530273
2016-10-10,2788.38,13.38,30.85,15.5,15.949999809265137
2016-10-17,2708.66,16.21,35.95,17.579999923706055,17.469999313354492
2016-10-24,2778.59,13.02,33.66,14.930000305175781,15.609999656677246
2016-10-31,2775.91,17.06,22.42,19.31999969482422,17.850000381469727
2016-11-07,2759.01,18.71,24.93,19.65999984741211,18.149999618530273
2016-11-14,2738.99,14.48,31.82,19.700000762939453,16.700000762939453
2016-11-21,2849.29,12.42,22.4,14.739999771118164,15.319999694824219
2016-11-28,2859.71,13.15,25.94,15.119999885559082,16.020000457763672
2016-12-05,2792.41,12.14,24.91,15.869999885559082,15.770000457763672
2016-12-12,2854.1,12.64,18.22,13.869999885559082,15.729999542236328
2016-12-19,2895.78,11.71,21.44,13.109999656677246,15.3100004196167
2016-12-26,2922.05,11.44,23.78,13.239999771118164,15.25
2017-01-02,2868.7,14.04,29.8,16.68000030517578,16.540000915527344
2017-01-09,2948.25,11.56,30.48,14.220000267028809,14.630000114440918
2017-01-16,2979.19,11.23,30.24,13.34000015258789,14.539999961853027
2017-01-23,2997.79,11.77,30.22,13.489999771118164,14.539999961853027
2017-01-30,3082.71,11.88,30.28,13.710000038146973,14.40999984741211
2017-02-06,3114.2,11.37,18.96,13.010000228881836,14.239999771118164
2017-02-13,3143.23,11.07,17.62,12.3100004196167,13.680000305175781
2017-02-20,3186.28,11.49,17.91,12.3100004196167,13.720000267028809
2017-02-27,3203.51,12.09,18.43,13.1899995803833,14.90999984741211
2017-03-06,3206.72,11.24,17.28,12.1899995803833,14.34000015258789
2017-03-13,3258.06,11.35,5.13,11.1899995803833,14.359999656677246
2017-03-20,3279.14,11.34,13.19,10.3100004196167,13.899999618530273
2017-03-27,3261.93,12.5,19.15,12.779999732971191,14.229999542236328
2017-04-03,3262.87,12.38,23.87,12.369999885559082,13.670000076293945
2017-04-10,3256.2,14.05,27.87,14.220000267028809,14.579999923706055
2017-04-17,3229.68,14.66,28.81,15.239999771118164,14.859999656677246
2017-04-24,3326.41,10.84,26.16,12.0600004196167,12.899999618530273
2017-05-01,3364.71,10.11,18.86,12.199999809265137,12.630000114440918
2017-05-08,3378.16,9.77,19.71,11.859999656677246,12.59000015258789
2017-05-15,3460.13,10.42,18.26,12.029999732971191,12.779999732971191
2017-05-22,3481.86,10.93,19.03,12.880000114440918,12.960000038146973
2017-05-29,3521.04,9.81,19.35,12.260000228881836,12.4399995803833
2017-06-05,3572.87,10.07,19.38,13.199999809265137,12.850000381469727
2017-06-12,3494.92,11.46,22.46,16.979999542236328,13.300000190734863
2017-06-19,3518.11,10.37,20.44,14.600000381469727,12.399999618530273
2017-06-26,3520.06,9.9,23.94,15.4399995803833,12.270000457763672
2017-07-03,3360.49,11.22,28.04,18.739999771118164,13.3100004196167
2017-07-10,3464.68,11.11,27.4,16.700000762939453,13.350000381469727
2017-07-17,3563.46,9.82,27.62,14.5,12.279999732971191
2017-07-24,3586.66,9.43,28.01,14.59000015258789,12.039999961853027
2017-07-31,3500.97,10.26,23.85,15.869999885559082,12.470000267028809
2017-08-07,3520.1,9.93,22.04,14.210000038146973,12.65999984741211
2017-08-14,3509.86,12.33,21.39,15.0600004196167,13.920000076293945
2017-08-21,3447.3,13.19,22.83,17.3700008392334,14.989999771118164
2017-08-28,3499.58,11.32,21.96,15.180000305175781,13.989999771118164
2017-09-04,3597.72,10.13,20.57,14.100000381469727,13.59000015258789
2017-09-11,3612.87,10.73,16.72,14.069999694824219,13.859999656677246
2017-09-18,3693.5,10.15,21.15,13.609999656677246,12.6899995803833
2017-09-25,3605.67,10.21,25.61,15.649999618530273,13.0600004196167
2017-10-02,3726.91,9.45,25.54,13.880000114440918,12.359999656677246
2017-10-09,3780.62,10.33,28.21,14.039999961853027,12.729999542236328
2017-10-16,3844.31,9.91,29.86,14.489999771118164,11.9399995803833
2017-10-23,3898.37,11.07,28.81,15.739999771118164,12.550000190734863
2017-10-30,3936.8,10.5,23.17,15.050000190734863,12.569999694824219
2017-11-06,4009.54,9.4,23.11,13.899999618530273,12.569999694824219
2017-11-13,3982.52,11.5,22.19,14.84000015258789,13.75
2017-11-20,4044.05,10.65,20.79,13.819999694824219,13.279999732971191
2017-11-27,4055.65,9.87,22.52,13.039999961853027,12.569999694824219
2017-12-04,3847.99,11.68,29.84,18.030000686645508,13.550000190734863
2017-12-11,3929.93,9.34,15.77,12.59000015258789,12.279999732971191
2017-12-18,4011.95,9.53,20.51,12.529999732971191,12.069999694824219
2017-12-25,3969.38,9.9,20.08,12.539999961853027,12.489999771118164
2018-01-01,3920.96,11.04,24.61,15.680000305175781,13.09000015258789
2018-01-08,4129.02,9.52,27.83,13.84000015258789,12.149999618530273
2018-01-15,4136.4,10.16,30.08,14.569999694824219,12.199999809265137
2018-01-22,4256.15,11.03,34.02,16.290000915527344,12.989999771118164
2018-01-29,4257.24,13.84,45.08,19.219999313354492,14.989999771118164
2018-02-05,3932.68,37.32,41.65,33.02000045776367,28.1299991607666
2018-02-12,3963.35,25.61,37.22,24.940000534057617,22.860000610351562
2018-02-19,4131.97,19.46,31.69,20.459999084472656,19.170000076293945
2018-02-26,4276.64,15.8,28.86,18.1200008392334,16.920000076293945
2018-03-05,4268.17,18.73,28.68,20.600000381469727,19.209999084472656
2018-03-12,4496.59,15.78,21.83,17.559999465942383,17.799999237060547
2018-03-19,4361.42,19.02,28.81,22.059999465942383,19.3799991607666
2018-03-26,4272.84,21.03,35.81,25.149999618530273,20.700000762939453
2018-04-02,4029.19,23.62,48.0,29.920000076293945,22.56999969482422
2018-04-09,4041.74,21.77,44.05,26.950000762939453,21.229999542236328
2018-04-16,4198.94,16.56,38.38,20.450000762939453,17.81999969482422
2018-04-23,4079.88,16.34,40.58,22.1200008392334,17.350000381469727
2018-04-30,4072.93,15.93,27.88,21.059999465942383,17.34000015258789
2018-05-07,4212.49,14.75,24.6,18.709999084472656,16.649999618530273
2018-05-14,4311.65,12.93,23.67,16.079999923706055,14.529999732971191
2018-05-21,4266.61,13.08,24.14,16.920000076293945,14.6899995803833
2018-05-28,4300.44,13.22,21.7,16.059999465942383,14.829999923706055
2018-06-04,4393.7,12.74,20.74,15.489999771118164,14.899999618530273
2018-06-11,4384.83,12.35,15.98,16.450000762939453,14.550000190734863
2018-06-18,4404.6,12.31,20.75,16.81999969482422,14.479999542236328
2018-06-25,4202.27,17.33,31.14,21.940000534057617,17.520000457763672
2018-07-02,4229.62,15.6,31.73,20.809999465942383,16.950000762939453
2018-07-09,4335.39,12.69,31.66,17.90999984741211,14.869999885559082
2018-07-16,4371.97,12.83,33.15,17.719999313354492,14.850000381469727
2018-07-23,4385.19,12.62,33.1,16.489999771118164,14.859999656677246
2018-07-30,4300.53,14.26,28.16,20.440000534057617,15.65999984741211
2018-08-06,4393.95,11.27,22.8,15.470000267028809,14.229999542236328
2018-08-13,4292.96,14.78,22.76,16.520000457763672,16.209999084472656
2018-08-20,4259.25,12.49,24.57,16.290000915527344,15.0
2018-08-27,4424.0,12.16,21.87,15.600000381469727,14.789999961853027
2018-09-03,4422.3,12.86,23.81,16.040000915527344,15.149999618530273
2018-09-10,4281.42,14.16,31.54,19.040000915527344,16.170000076293945
2018-09-17,4245.6,13.68,35.97,18.5,15.279999732971191
2018-09-24,4329.01,12.2,30.42,17.25,14.770000457763672
2018-10-01,4324.84,12.0,32.62,17.09000015258789,14.739999771118164
2018-10-08,4127.25,15.69,42.15,22.190000534057617,16.510000228881836
2018-10-15,3963.09,21.3,46.99,26.809999465942383,20.290000915527344
2018-10-22,3983.08,19.64,43.85,25.15999984741211,19.81999969482422
2018-10-29,3739.99,24.7,48.35,31.75,23.059999465942383
2018-11-05,3956.67,19.96,39.55,27.260000228881836,20.200000762939453
2018-11-12,3852.9,20.45,43.43,28.110000610351562,20.229999542236328
2018-11-19,3826.7,20.1,46.49,27.440000534057617,20.639999389648438
2018-11-26,3910.64,18.9,40.23,26.020000457763672,20.110000610351562
2018-12-03,4118.1,16.44,37.59,21.700000762939453,17.950000762939453
2018-12-10,3860.06,22.64,43.76,27.200000762939453,22.010000228881836
2018-12-17,3754.22,24.52,48.96,30.06999969482422,23.40999984741211
2018-12-24,3457.92,36.07,60.07,38.68000030517578,28.84000015258789
2018-12-31,3705.78,25.42,48.45,31.440000534057617,23.729999542236328
2019-01-07,3762.77,21.4,46.02,28.530000686645508,21.6200008392334
2019-01-14,3828.09,19.07,45.05,25.739999771118164,19.93000030517578
2019-01-21,3971.49,17.8,38.56,21.889999389648438,18.84000015258789
2019-01-28,4034.12,18.87,41.6,23.43000030517578,19.579999923706055
2019-02-04,4230.16,15.73,30.4,19.68000030517578,17.190000534057617
2019-02-11,4248.13,15.97,29.67,20.06999969482422,17.219999313354492
2019-02-18,4347.42,14.91,27.27,17.700000762939453,16.479999542236328
2019-02-25,4421.99,14.85,25.13,17.809999465942383,16.0
2019-03-04,4380.23,14.63,25.24,17.360000610351562,16.030000686645508
2019-03-11,4376.24,14.33,22.99,16.360000610351562,16.010000228881836
2019-03-18,4464.08,13.1,23.72,16.18000030517578,15.239999771118164
2019-03-25,4451.76,16.33,30.48,19.440000534057617,17.450000762939453
2019-04-01,4594.98,13.4,29.33,16.309999465942383,15.460000038146973
2019-04-08,4717.32,13.18,31.12,16.81999969482422,15.279999732971191
2019-04-15,4749.9,12.32,30.26,15.930000305175781,14.529999732971191
2019-04-22,4814.44,12.42,28.42,15.739999771118164,14.720000267028809
2019-04-29,4843.09,13.11,21.97,16.440000534057617,15.229999542236328
2019-05-06,4802.2,15.44,24.97,18.700000762939453,16.399999618530273
2019-05-13,4434.77,20.55,30.71,25.25,19.790000915527344
2019-05-20,4380.02,16.31,27.13,21.639999389648438,17.290000915527344
2019-05-27,4326.57,15.85,27.21,20.6299991607666,17.09000015258789
2019-06-03,4170.02,18.86,33.99,24.219999313354492,18.770000457763672
2019-06-10,4515.88,15.94,28.1,19.979999542236328,16.8799991607666
2019-06-17,4399.4,15.35,25.15,20.040000915527344,16.610000610351562
2019-06-24,4581.64,15.26,26.22,19.459999084472656,16.469999313354492
2019-07-01,4766.31,14.06,25.75,17.639999389648438,15.430000305175781
2019-07-08,4734.41,13.96,27.18,17.770000457763672,15.479999542236328
2019-07-15,4876.39,12.68,27.37,16.219999313354492,15.039999961853027
2019-07-22,4906.49,13.53,28.17,17.06999969482422,15.470000267028809
2019-07-29,4952.96,12.83,23.77,16.350000381469727,15.0
2019-08-05,4469.97,24.59,36.31,27.559999465942383,21.899999618530273
2019-08-12,4563.88,21.09,32.46,25.18000030517578,20.5
2019-08-19,4700.18,16.88,25.07,20.43000030517578,18.360000610351562
2019-08-26,4595.86,19.32,28.19,23.239999771118164,19.81999969482422
2019-09-02,4693.41,18.98,25.88,22.389999389648438,19.540000915527344
2019-09-09,4857.65,15.27,24.35,19.420000076293945,17.549999237060547
2019-09-16,4880.33,14.67,23.82,19.040000915527344,17.200000762939453
2019-09-23,4830.13,14.91,25.72,18.639999389648438,17.8700008392334
2019-09-30,4771.68,16.24,28.4,20.030000686645508,17.959999084472656
2019-10-07,4764.9,17.86,28.26,21.6299991607666,18.90999984741211
2019-10-14,4844.24,14.57,29.08,18.610000610351562,17.1200008392334
2019-10-21,4873.15,14.0,27.5,17.389999389648438,16.280000686645508
2019-10-28,4985.4,13.11,20.24,16.809999465942383,15.989999771118164
2019-11-04,5086.83,12.83,19.84,16.559999465942383,15.619999885559082
2019-11-11,5107.73,12.69,18.57,16.040000915527344,15.600000381469727
2019-11-18,5162.08,12.46,19.52,14.9399995803833,15.170000076293945
2019-11-25,5177.95,11.87,19.5,15.079999923706055,14.989999771118164
2019-12-02,5103.87,14.91,22.29,18.06999969482422,16.84000015258789
2019-12-09,5140.84,15.86,22.11,18.149999618530273,17.299999237060547
2019-12-16,5363.47,12.14,18.67,14.020000457763672,14.979999542236328
2019-12-23,5468.66,12.61,19.93,15.15999984741211,15.5
2019-12-30,5441.67,14.82,25.73,17.899999618530273,16.68000030517578
2020-01-06,5500.13,13.85,27.21,17.190000534057617,15.920000076293945
2020-01-13,5681.61,12.32,28.3,15.569999694824219,14.640000343322754
2020-01-20,5736.06,12.1,27.31,14.970000267028809,14.40999984741211
2020-01-27,5580.69,18.23,30.28,21.459999084472656,18.15999984741211
2020-02-03,5564.53,17.97,25.25,20.399999618530273,18.040000915527344
2020-02-10,5798.66,15.04,28.13,19.309999465942383,16.1299991607666
2020-02-17,5907.67,13.68,24.36,17.950000762939453,15.5
2020-02-24,5481.01,25.03,32.95,29.229999542236328,21.920000076293945
2020-03-02,5314.01,33.42,38.04,35.099998474121094,27.700000762939453
2020-03-09,4690.86,54.46,54.23,53.68000030517578,43.04999923706055
2020-03-16,4043.34,82.69,72.66,80.08000183105469,67.69999694824219
2020-03-23,4091.46,61.59,54.02,58.36000061035156,56.63999938964844
2020-03-30,4687.48,57.08,47.05,55.040000915527344,51.2599983215332
2020-04-06,4783.16,45.24,39.29,42.93000030517578,43.09000015258789
2020-04-13,4892.85,41.17,45.75,41.34000015258789,39.970001220703125
2020-04-20,5076.43,43.83,54.72,43.849998474121094,40.970001220703125
2020-04-27,5198.8,33.29,45.79,35.2599983215332,35.33000183105469
2020-05-04,5048.18,35.97,37.49,36.86000061035156,37.0
2020-05-11,5366.34,27.57,29.53,28.81999969482422,30.389999389648438
2020-05-18,5366.88,29.3,29.25,30.219999313354492,31.770000457763672
2020-05-25,5453.3,28.16,30.44,29.360000610351562,31.540000915527344
2020-06-01,5610.49,28.23,30.17,28.989999771118164,30.920000076293945
2020-06-08,5934.03,25.81,30.29,26.799999237060547,28.079999923706055
2020-06-15,5729.98,34.4,38.48,33.66999816894531,36.43000030517578
2020-06-22,5922.39,31.77,35.52,31.3799991607666,33.75
2020-06-29,5834.06,31.78,38.32,32.29999923706055,33.90999984741211
2020-07-06,6124.41,27.94,42.65,30.200000762939453,30.979999542236328
2020-07-13,6063.25,32.19,63.14,37.599998474121094,34.540000915527344
2020-07-20,6300.96,24.46,57.24,30.90999984741211,29.100000381469727
2020-07-27,6178.72,24.74,48.84,31.549999237060547,30.0
2020-08-03,6379.6,24.28,36.71,29.270000457763672,29.65999984741211
2020-08-10,6310.44,22.13,37.97,29.860000610351562,28.049999237060547
2020-08-17,6372.03,21.35,34.18,27.729999542236328,27.450000762939453
2020-08-24,6458.27,22.37,41.31,29.829999923706055,28.100000381469727
2020-08-31,6651.3,26.41,43.99,34.54999923706055,31.850000381469727
2020-09-07,6435.31,30.75,52.85,41.7400016784668,34.75
2020-09-14,6285.96,25.85,43.35,33.560001373291016,30.479999542236328
2020-09-21,6163.56,27.78,48.28,36.43000030517578,31.639999389648438
2020-09-28,6395.29,26.19,49.14,34.65999984741211,31.739999771118164
2020-10-05,6491.05,27.96,51.02,35.66999816894531,31.280000686645508
2020-10-12,6850.19,25.07,49.89,33.439998626708984,27.979999542236328
2020-10-19,6687.58,29.18,56.18,36.13999938964844,30.399999618530273
2020-10-26,6524.52,32.46,55.05,37.40999984741211,32.06999969482422
2020-11-02,6346.76,37.13,47.33,40.900001525878906,35.060001373291016
2020-11-09,6901.96,25.75,39.03,31.31999969482422,26.8799991607666
2020-11-16,6995.15,22.45,34.38,27.3700008392334,25.350000381469727
2020-11-23,6961.81,22.66,33.63,26.639999389648438,25.43000030517578
2020-11-30,7170.51,20.57,35.07,26.68000030517578,24.329999923706055
2020-12-07,7411.35,21.3,34.77,27.200000762939453,24.520000457763672
2020-12-14,7327.03,24.72,36.13,29.440000534057617,27.110000610351562
2020-12-21,7515.09,25.16,37.03,28.350000381469727,27.579999923706055
2020-12-28,7495.5,21.7,37.63,25.90999984741211,25.149999618530273
2021-01-04,7463.18,26.97,41.16,30.1299991607666,28.260000228881836
2021-01-11,7723.38,24.08,44.28,28.920000076293945,26.700000762939453
2021-01-18,7729.12,24.34,41.22,29.170000076293945,27.260000228881836
2021-01-25,7953.04,23.19,42.65,28.729999542236328,26.8799991607666
2021-02-01,7832.36,30.24,43.47,34.2400016784668,32.529998779296875
2021-02-08,8121.09,21.24,32.49,26.18000030517578,26.649999618530273
2021-02-15,8470.05,19.97,30.65,26.360000610351562,26.5
2021-02-22,8119.67,23.45,34.58,31.020000457763672,27.809999465942383
2021-03-01,8155.87,23.35,32.08,28.670000076293945,26.780000686645508
2021-03-08,7197.59,25.47,39.28,33.869998931884766,28.1299991607666
2021-03-15,7803.38,20.03,32.77,28.719999313354492,24.889999389648438
2021-03-22,7838.44,18.88,30.53,26.700000762939453,22.940000534057617
2021-03-29,7724.81,20.74,31.85,26.940000534057617,23.200000762939453
2021-04-05,8245.2,17.91,30.6,23.93000030517578,20.959999084472656
2021-04-12,8251.49,16.91,32.76,22.489999771118164,20.81999969482422
2021-04-19,8164.64,17.29,35.03,22.81999969482422,21.3700008392334
2021-04-26,8374.23,17.64,35.47,22.56999969482422,21.540000915527344
2021-05-03,8022.73,18.31,28.03,23.34000015258789,21.739999771118164
2021-05-10,7665.5,19.66,30.74,26.59000015258789,22.399999618530273
2021-05-17,7644.71,19.72,30.16,25.59000015258789,23.139999389648438
2021-05-24,8000.27,18.4,26.29,22.760000228881836,22.229999542236328
2021-05-31,8064.85,16.76,24.97,21.440000534057617,20.479999542236328
2021-06-07,8101.67,16.42,25.06,21.3700008392334,20.549999237060547
2021-06-14,8334.38,16.39,23.21,20.059999465942383,20.139999389648438
2021-06-21,8307.34,17.89,27.18,20.780000686645508,21.1200008392334
2021-06-28,8657.39,15.76,28.15,19.579999923706055,19.020000457763672
2021-07-05,8675.76,15.07,28.74,19.280000686645508,19.299999237060547
2021-07-12,8637.37,16.17,34.75,19.68000030517578,20.459999084472656
2021-07-19,8348.04,22.5,36.61,23.440000534057617,24.899999618530273
2021-07-26,8726.62,17.58,33.08,20.3700008392334,21.739999771118164
2021-08-02,8898.58,19.46,25.91,21.489999771118164,23.049999237060547
2021-08-09,8965.95,16.72,23.81,19.690000534057617,21.270000457763672
2021-08-16,8829.44,16.12,23.57,19.049999237060547,20.639999389648438
2021-08-23,8970.53,17.15,23.95,19.799999237060547,21.200000762939453
2021-08-30,9228.96,16.19,22.64,19.079999923706055,20.399999618530273
2021-09-06,9209.93,16.41,22.96,19.75,20.31999969482422
2021-09-13,9106.37,19.37,24.76,21.600000381469727,22.469999313354492
2021-09-20,8885.12,25.71,32.12,27.229999542236328,26.399999618530273
2021-09-27,9032.04,18.76,27.54,21.829999923706055,21.399999618530273
2021-10-04,8413.37,22.96,35.75,27.719999313354492,24.110000610351562
2021-10-11,8574.08,20.0,33.94,23.489999771118164,22.389999389648438
2021-10-18,9020.87,16.31,28.6,18.829999923706055,20.290000915527344
2021-10-25,9220.59,15.24,29.93,18.799999237060547,19.559999465942383
2021-11-01,9316.98,16.41,25.34,19.729999542236328,20.389999389648438
2021-11-08,9772.17,17.22,27.31,21.8799991607666,20.979999542236328
2021-11-15,9712.2,16.49,28.65,21.709999084472656,20.8700008392334
2021-11-22,9627.24,19.17,30.98,23.5,22.6299991607666
2021-11-29,9670.75,22.96,30.56,24.6299991607666,25.040000915527344
2021-12-06,9246.26,27.18,35.74,30.170000076293945,28.8799991607666
2021-12-13,9373.76,20.31,28.42,24.040000915527344,24.31999969482422
2021-12-20,9113.24,22.87,34.08,27.8799991607666,26.309999465942383
2021-12-27,9764.9,17.68,30.88,21.719999313354492,22.739999771118164
2022-01-03,9565.42,16.6,29.64,21.170000076293945,21.530000686645508
2022-01-10,8991.2,19.4,34.35,25.829999923706055,22.68000030517578
2022-01-17,8983.2,19.19,33.84,25.719999313354492,22.81999969482422
2022-01-24,8370.66,29.9,49.12,35.54999923706055,30.81999969482422
2022-01-31,8542.9,24.83,39.88,30.15999984741211,26.850000381469727
2022-02-07,8344.12,22.86,35.59,30.020000457763672,25.690000534057617
2022-02-14,8235.96,28.33,37.81,34.06999969482422,29.440000534057617
2022-02-21,7985.25,27.75,38.17,33.04999923706055,29.219999313354492
2022-02-28,8277.56,30.15,36.82,32.720001220703125,29.649999618530273
2022-03-07,7492.44,36.45,47.4,38.72999954223633,35.7400016784668
2022-03-14,7193.06,31.77,43.88,36.54999923706055,33.31999969482422
2022-03-21,8137.68,23.53,34.82,28.65999984741211,26.3799991607666
2022-03-28,8432.89,19.63,34.34,26.530000686645508,24.18000030517578
2022-04-04,8495.52,18.57,34.53,24.93000030517578,23.030000686645508
2022-04-11,7694.51,24.37,44.89,30.75,27.0
2022-04-18,7615.64,22.17,41.52,29.530000686645508,25.75
2022-04-25,7420.7,27.02,48.57,33.83000183105469,29.06999969482422
2022-05-02,7282.94,32.34,47.21,37.810001373291016,33.0099983215332
2022-05-09,6484.09,34.75,57.32,41.43000030517578,35.04999923706055
2022-05-16,6628.37,27.47,54.19,37.439998626708984,29.510000228881836
2022-05-23,6664.0,28.48,54.49,35.18000030517578,30.290000915527344
2022-05-30,7137.76,26.54,46.88,32.0,28.020000457763672
2022-06-06,7089.9,25.07,46.38,32.15999984741211,27.219999313354492
2022-06-13,6209.25,34.02,56.88,40.36000061035156,34.2400016784668
2022-06-20,6144.5,31.03,50.36,36.65999984741211,32.36000061035156
2022-06-27,6627.8,26.95,52.39,33.560001373291016,28.18000030517578
2022-07-04,6252.36,27.53,56.72,34.27000045776367,28.520000457763672
2022-07-11,6450.57,26.17,55.09,32.93000030517578,28.25
2022-07-18,6425.85,25.3,53.08,31.579999923706055,27.81999969482422
2022-07-25,6746.17,23.36,50.02,29.420000076293945,25.799999237060547
2022-08-01,7061.76,22.84,38.84,28.75,24.860000610351562
2022-08-08,7261.84,21.29,37.7,27.649999618530273,24.479999542236328
2022-08-15,7489.94,19.95,35.41,25.399999618530273,23.31999969482422
2022-08-22,6858.11,23.8,40.22,29.649999618530273,26.0
2022-08-29,6631.78,26.21,42.76,32.29999923706055,26.81999969482422
2022-09-05,6304.0,25.99,42.94,32.31999969482422,26.479999542236328
2022-09-12,6758.84,23.87,38.98,29.809999465942383,25.3700008392334
2022-09-19,6223.62,25.76,43.74,32.36000061035156,27.010000228881836
2022-09-26,5776.55,32.26,53.83,36.93000030517578,31.770000457763672
2022-10-03,5909.86,30.1,54.45,35.560001373291016,30.690000534057617
2022-10-10,5636.48,32.45,58.09,38.56999969482422,32.72999954223633
2022-10-17,5545.6,31.37,57.88,37.06999969482422,31.739999771118164
2022-10-24,5762.62,29.85,54.85,35.5,30.329999923706055
2022-10-31,5821.62,25.88,44.13,31.15999984741211,26.920000076293945
2022-11-07,5534.65,24.35,46.24,30.84000015258789,26.260000228881836
2022-11-14,6165.01,23.73,47.86,30.020000457763672,26.1299991607666
2022-11-21,5965.15,22.36,47.05,29.0,24.719999313354492
2022-11-28,5978.94,22.21,45.41,28.309999465942383,24.899999618530273
2022-12-05,6094.49,20.75,42.81,26.15999984741211,23.889999389648438
2022-12-12,6189.58,25.0,46.58,30.059999465942383,25.670000076293945
2022-12-19,5865.13,22.42,44.71,27.40999984741211,25.079999923706055
2022-12-26,5735.32,20.87,43.83,26.329999923706055,24.1299991607666
2023-01-02,5751.76,21.67,48.9,27.600000381469727,24.290000915527344
2023-01-09,5930.8,21.97,56.75,27.860000610351562,23.739999771118164
2023-01-16,6150.9,19.49,52.1,23.81999969482422,21.139999389648438
2023-01-23,6418.57,19.81,51.02,24.610000610351562,21.600000381469727
2023-01-30,6363.26,19.94,52.85,26.25,21.3700008392334
2023-02-06,6710.16,19.43,40.65,25.889999389648438,21.43000030517578
2023-02-13,6784.28,20.34,42.99,27.260000228881836,21.969999313354492
2023-02-20,6682.69,21.23,40.3,25.81999969482422,21.770000457763672
2023-02-27,6572.33,20.95,40.76,26.649999618530273,21.59000015258789
2023-03-06,6707.66,18.61,37.76,24.25,19.989999771118164
2023-03-13,6466.73,26.52,44.03,29.389999389648438,26.639999389648438
2023-03-20,6783.62,24.15,41.24,27.549999237060547,25.850000381469727
2023-03-27,6779.43,20.6,46.05,25.06999969482422,22.8700008392334
2023-04-03,7064.56,18.55,46.05,23.670000076293945,20.829999923706055
2023-04-10,6913.74,18.97,47.89,24.559999465942383,21.06999969482422
2023-04-17,6886.91,16.95,44.84,21.90999984741211,19.649999618530273
2023-04-24,6734.73,16.89,42.22,21.520000457763672,20.399999618530273
2023-05-01,6722.09,16.08,33.25,20.190000534057617,19.670000076293945
2023-05-08,6762.17,16.98,32.42,20.309999465942383,20.709999084472656
2023-05-15,6928.55,17.12,32.28,19.549999237060547,20.309999465942383
2023-05-22,7267.82,17.21,31.59,19.969999313354492,20.360000610351562
2023-05-29,7700.76,17.46,33.59,22.209999084472656,20.440000534057617
2023-06-05,7736.64,14.73,30.06,19.420000076293945,17.899999618530273
2023-06-12,7955.17,15.01,31.49,20.459999084472656,17.280000686645508
2023-06-19,8081.74,14.19,30.34,19.549999237060547,16.75
2023-06-26,7746.33,14.25,39.21,20.3700008392334,17.049999237060547
2023-07-03,8073.74,13.57,39.83,19.8700008392334,16.06999969482422
2023-07-10,8054.85,15.07,42.23,21.079999923706055,17.25
2023-07-17,8442.15,13.48,43.0,19.43000030517578,16.270000457763672
2023-07-24,8200.72,13.91,43.15,19.829999923706055,16.260000228881836
2023-07-31,8587.41,13.63,41.87,19.31999969482422,16.010000228881836
2023-08-07,8226.76,15.77,31.21,20.81999969482422,17.719999313354492
2023-08-14,8034.49,14.82,29.75,20.200000762939453,17.40999984741211
2023-08-21,7915.82,17.13,31.24,21.889999389648438,18.770000457763672
2023-08-28,7951.0,15.08,31.98,20.389999389648438,17.1200008392334
2023-09-04,8373.53,13.82,26.17,18.40999984741211,15.739999771118164
2023-09-11,8339.63,13.8,26.83,18.84000015258789,16.020000457763672
2023-09-18,8126.2,14.0,27.52,18.959999084472656,16.1299991607666
2023-09-25,7877.51,16.9,35.72,21.649999618530273,18.020000457763672
2023-10-02,7997.33,17.61,42.0,21.510000228881836,18.6200008392334
2023-10-09,8126.18,17.7,42.68,21.81999969482422,18.809999465942383
2023-10-16,8179.34,17.21,41.32,21.389999389648438,18.790000915527344
2023-10-23,7784.73,20.37,45.18,23.969999313354492,21.329999923706055
2023-10-30,7548.65,19.75,33.91,23.610000610351562,20.799999237060547
2023-11-06,7946.66,14.89,27.08,18.649999618530273,17.030000686645508
2023-11-13,8289.88,14.76,28.21,18.81999969482422,16.610000610351562
2023-11-20,8758.75,13.41,26.18,17.139999389648438,15.6899995803833
2023-11-27,8677.03,12.69,25.95,16.440000534057617,15.34000015258789
2023-12-04,8767.82,13.08,26.25,17.209999084472656,15.680000305175781
2023-12-11,9095.48,12.63,26.09,16.270000457763672,15.1899995803833
2023-12-18,9475.25,12.56,25.69,15.869999885559082,15.470000267028809
2023-12-25,9566.56,13.03,26.26,16.6200008392334,15.989999771118164
2024-01-01,9587.92,12.45,29.1,16.200000762939453,15.260000228881836
2024-01-08,9382.04,13.08,36.3,16.860000610351562,15.140000343322754
2024-01-15,9534.17,13.25,36.03,16.540000915527344,14.9399995803833
2024-01-22,9994.6,13.19,37.42,17.200000762939453,14.970000267028809
2024-01-29,10077.29,13.6,37.97,17.389999389648438,15.220000267028809
2024-02-05,10017.66,13.67,26.58,17.56999969482422,15.329999923706055
2024-02-12,10371.71,13.93,27.3,18.09000015258789,15.670000076293945
2024-02-19,10225.03,14.71,28.35,18.600000381469727,15.859999656677246
2024-02-26,10329.92,13.74,28.03,17.829999923706055,15.220000267028809
2024-03-04,10606.42,13.49,26.22,17.600000381469727,15.229999542236328
2024-03-11,10359.64,15.22,27.76,19.3700008392334,16.459999084472656
2024-03-18,10221.21,14.33,26.78,19.399999618530273,16.219999313354492
2024-03-25,10388.22,13.19,33.25,17.229999542236328,15.380000114440918
2024-04-01,10463.7,13.65,37.55,17.559999465942383,15.520000457763672
2024-04-08,10309.02,15.19,39.38,18.770000457763672,16.559999465942383
2024-04-15,9976.72,19.23,41.91,22.84000015258789,19.549999237060547
2024-04-22,9631.73,16.94,42.06,21.110000610351562,17.6299991607666
2024-04-29,10039.64,14.67,44.18,19.219999313354492,16.0
2024-05-06,10112.97,13.49,24.59,17.420000076293945,15.020000457763672
2024-05-13,10140.59,13.6,24.43,17.399999618530273,14.890000343322754
2024-05-20,10554.51,12.15,24.57,15.920000076293945,14.109999656677246
2024-05-27,10549.22,12.36,23.57,15.65999984741211,14.170000076293945
2024-06-03,10119.99,13.11,25.77,16.889999389648438,14.800000190734863
2024-06-10,10455.0,12.74,23.76,16.0,14.600000381469727
2024-06-17,10850.75,12.75,26.25,16.829999923706055,14.789999961853027
2024-06-24,10582.28,13.33,30.5,17.239999771118164,15.229999542236328
2024-07-01,10832.37,12.22,39.12,16.079999923706055,14.1899995803833
2024-07-08,11178.97,12.37,40.35,17.030000686645508,14.289999961853027
2024-07-15,11168.48,13.12,41.38,18.350000381469727,14.869999885559082
2024-07-22,10709.86,14.91,43.28,19.969999313354492,16.09000015258789
2024-07-29,10212.0,16.6,44.72,22.829999923706055,17.15999984741211
2024-08-05,9288.31,38.57,48.17,35.099998474121094,33.709999084472656
2024-08-12,9753.14,20.71,33.29,24.93000030517578,21.6299991607666
2024-08-19,10515.51,14.65,27.4,19.93000030517578,17.59000015258789
2024-08-26,10269.27,16.15,29.21,21.56999969482422,18.25
2024-09-02,10465.2,15.55,27.32,19.290000915527344,17.43000030517578
2024-09-09,9744.13,19.45,31.61,23.920000076293945,20.8799991607666
2024-09-16,10092.98,17.14,29.49,22.510000228881836,19.809999465942383
2024-09-23,10264.62,15.89,27.01,19.540000915527344,18.700000762939453
2024-09-30,10443.26,16.73,36.76,20.190000534057617,19.219999313354492
2024-10-07,10412.79,22.64,42.36,24.34000015258789,22.59000015258789
2024-10-14,10924.46,19.7,38.81,23.31999969482422,20.1200008392334
2024-10-21,10530.56,18.37,38.32,21.959999084472656,19.239999771118164
2024-10-28,10523.86,19.8,40.97,22.93000030517578,20.170000076293945
2024-11-04,10254.28,21.98,29.34,23.8799991607666,21.56999969482422
2024-11-11,10828.71,14.97,26.46,18.3700008392334,16.799999237060547
2024-11-18,10442.98,15.58,30.54,19.770000457763672,17.190000534057617
2024-11-25,10903.98,14.6,28.94,17.59000015258789,16.8700008392334
2024-12-02,10941.98,13.34,26.73,16.1200008392334,16.34000015258789
2024-12-09,10993.21,14.19,27.68,16.549999237060547,17.09000015258789
2024-12-16,11019.47,14.69,28.63,18.440000534057617,17.56999969482422
2024-12-23,10572.28,16.78,29.39,19.030000686645508,18.649999618530273
2024-12-30,10352.03,17.4,32.66,19.790000915527344,18.940000534057617
2025-01-06,10739.54,16.04,36.85,19.0,18.030000686645508
2025-01-13,10243.04,19.19,40.36,21.799999237060547,20.43000030517578
2025-01-20,10757.3,15.81,36.97,18.959999084472656,18.190000534057617
2025-01-27,10574.97,17.9,39.34,21.610000610351562,18.969999313354492
2025-02-03,10766.32,18.62,40.63,21.280000686645508,19.549999237060547
2025-02-10,11086.36,15.81,26.66,18.84000015258789,18.229999542236328
2025-02-17,11357.96,15.37,26.45,18.030000686645508,17.809999465942383
2025-02-24,10780.51,18.98,31.84,21.459999084472656,19.860000610351562
2025-03-03,10168.98,22.78,36.65,24.959999084472656,22.18000030517578
2025-03-10,9548.55,27.86,43.8,28.84000015258789,25.719999313354492
2025-03-17,10046.51,20.51,36.07,25.040000915527344,21.299999237060547
2025-03-24,10236.77,17.48,31.04,21.270000457763672,19.040000915527344
2025-03-31,9472.59,22.28,41.09,25.3700008392334,21.969999313354492
2025-04-07,8368.87,46.98,64.95,38.63999938964844,36.880001068115234
2025-04-14,9018.3,30.89,53.43,34.33000183105469,29.6299991607666
2025-04-21,8601.82,33.82,53.71,36.869998931884766,31.829999923706055
2025-04-28,9665.89,25.15,45.58,28.540000915527344,25.729999542236328
2025-05-05,9976.92,23.64,35.91,26.540000915527344,24.549999237060547
2025-05-12,10617.55,18.39,30.6,22.280000686645508,20.219999313354492
2025-05-19,10828.3,18.14,31.61,21.950000762939453,20.690000534057617
2025-05-26,10466.48,20.57,35.29,25.290000915527344,23.799999237060547
2025-06-02,10679.33,18.36,30.56,19.43000030517578,21.09000015258789
2025-06-09,11127.65,17.16,29.76,20.170000076293945,20.09000015258789
2025-06-16,11236.75,19.11,29.55,21.09000015258789,21.229999542236328
2025-06-23,11184.93,19.83,30.14,21.149999618530273,21.81999969482422
2025-06-30,11641.91,16.73,35.64,19.559999465942383,19.440000534057617
2025-07-07,11707.2,17.79,39.08,20.68000030517578,20.209999084472656
2025-07-14,11709.49,17.2,36.8,19.780000686645508,19.84000015258789
2025-07-21,11909.39,16.65,34.99,18.709999084472656,19.510000228881836
2025-07-28,11954.84,15.03,34.49,17.270000457763672,18.15999984741211
2025-08-04,11630.53,17.52,28.77,19.239999771118164,19.610000610351562
2025-08-11,11521.07,16.25,26.7,18.170000076293945,19.25
2025-08-18,11698.47,14.99,26.03,17.75,18.450000762939453
2025-08-25,11614.54,14.79,26.46,18.420000076293945,18.020000457763672
2025-09-01,11625.18,16.12,25.79,19.110000610351562,18.350000381469727
2025-09-08,11832.72,15.11,27.02,18.350000381469727,18.290000915527344
2025-09-15,12016.18,15.69,28.84,19.1200008392334,18.530000686645508
2025-09-22,12539.54,16.1,30.21,19.420000076293945,18.950000762939453
2025-09-29,12555.91,16.12,36.94,19.8700008392334,18.760000228881836
2025-10-06,12916.18,16.37,42.42,20.399999618530273,19.1200008392334
2025-10-13,12679.05,19.03,45.02,22.799999237060547,20.93000030517578
2025-10-20,12954.61,18.23,45.67,22.639999389648438,20.309999465942383
2025-10-27,13330.57,15.79,41.23,20.5,18.989999771118164
2025-11-03,13249.07,17.17,33.39,21.729999542236328,20.3799991607666
2025-11-10,12947.42,17.6,33.06,22.6200008392334,20.239999771118164
2025-11-17,12262.38,22.38,37.48,28.15999984741211,23.18000030517578
2025-11-24,12138.7,20.52,34.82,25.56999969482422,21.850000381469727
2025-12-01,12504.55,17.24,32.4,22.059999465942383,20.219999313354492
2025-12-08,13046.5,16.66,31.04,20.75,19.90999984741211
2025-12-15,12667.02,16.5,30.26,20.709999084472656,19.68000030517578
2025-12-22,12840.36,14.08,27.05,17.850000381469727,17.790000915527344
2025-12-29,12785.82,14.2,26.35,18.389999389648438,17.81999969482422
2026-01-05,12838.8,14.9,36.75,20.010000228881836,18.31999969482422
2026-01-12,13137.57,15.12,39.77,19.530000686645508,18.229999542236328
2026-01-19,12954.55,18.84,40.34,20.290000915527344,18.989999771118164
2026-01-26,13134.47,16.15,43.52,20.43000030517578,19.06999969482422
2026-02-02,13028.16,16.34,43.99,21.229999542236328,19.3700008392334
2026-02-09,12591.47,17.36,35.18,23.420000076293945,20.09000015258789
2026-02-16,12407.35,21.2,36.33,26.3700008392334,22.170000076293945
2026-02-23,12076.33,21.01,37.48,26.360000610351562,22.139999389648438
2026-03-02,12269.77,21.44,37.28,25.399999618530273,22.440000534057617
2026-03-09,12338.07,25.5,37.25,27.690000534057617,25.34000015258789
2026-03-16,12211.41,23.51,35.58,26.31999969482422,24.920000076293945
2026-03-23,12177.35,26.15,34.74,27.979999542236328,26.100000381469727
2026-03-30,11312.08,30.61,47.31,33.2599983215332,29.1299991607666
2026-04-06,12125.63,24.17,45.21,27.389999389648438,24.770000457763672
2026-04-13,12746.19,19.12,44.87,22.190000534057617,21.34000015258789
2026-04-20,13709.89,18.87,42.73,22.93000030517578,21.239999771118164
2026-04-27,14312.03,18.02,43.25,23.079999923706055,20.770000457763672
2026-05-04,14874.7,18.29,31.54,23.040000915527344,21.049999237060547
2026-05-11,16278.22,18.38,30.89,24.739999771118164,21.239999771118164
2026-05-18,15801.25,17.82,31.35,24.209999084472656,20.920000076293945
2026-05-25,16648.52,16.59,30.58,22.81999969482422,20.030000686645508
2026-06-01,17960.01,16.05,34.49,23.18000030517578,19.43000030517578
2026-06-08,17114.81,18.92,35.05,27.1200008392334,20.790000915527344
2026-06-15,18280.42,16.2,32.88,25.920000076293945,19.360000610351562
